,sa_temp,sa_humidity,sa_btu,sa_fan_speed,sa_flow,cooling_coil_temp,heating_coil_temp,ma_temp,ma_humidity,ma_btu,ra_temp,ra_fan_speed,ra_flow,ra_damper_position,ea_damper_position,oa_temp,oa_humidity,oa_btu,oa_damper_position,outdoor_air_flow,id
0,59.916666666666664,40.0,-19.68,20.0,13120.0,64.94916666666667,65.0,79.04761904761905,40.0,-19.68,59.999922839506176,20.0,6720.0,20.0,80.0,80.0,40.0,0.0,80.0,12495.238095238095,airunit-257c9cb1-9ab8-4215-a642-4cd8cc622792
1,59.83333333333333,40.0,-19.68,20.0,13120.0,64.89800833333334,65.0,79.04761537330981,40.0,-19.68,59.99976858996342,20.0,6720.0,20.0,80.0,80.0,40.0,0.0,80.0,12495.238095238095,airunit-257c9cb1-9ab8-4215-a642-4cd8cc622792
2,59.74999999999999,40.0,-19.68,20.0,13120.0,64.84652825,65.0,79.04760802809349,40.0,-19.68,59.99953732275049,20.0,6720.0,20.0,80.0,80.0,40.0,0.0,80.0,12495.238095238095,airunit-257c9cb1-9ab8-4215-a642-4cd8cc622792
3,59.66666666666666,40.0,-19.68,20.0,13120.0,64.79472963416667,65.0,79.04759701536906,40.0,-19.68,59.99922910918004,20.0,6720.0,20.0,80.0,80.0,40.0,0.0,80.0,12495.238095238095,airunit-257c9cb1-9ab8-4215-a642-4cd8cc622792
4,59.58333333333332,40.0,-19.68,20.0,13120.0,64.74261567115833,65.0,79.04758233853238,40.0,-19.68,59.9988440204987,20.0,6720.0,20.0,80.0,80.0,40.0,0.0,80.0,12495.238095238095,airunit-257c9cb1-9ab8-4215-a642-4cd8cc622792
5,59.499999999999986,40.0,-19.68,20.0,13120.0,64.69018951444674,65.0,79.04756400097612,40.0,-19.68,59.99838212788713,20.0,6720.0,20.0,80.0,80.0,40.0,0.0,80.0,12495.238095238095,airunit-257c9cb1-9ab8-4215-a642-4cd8cc622792
6,59.41666666666665,40.0,-19.68,20.0,13120.0,64.63745428596894,65.0,79.04754200608986,40.0,-19.68,59.99784350246008,20.0,6720.0,20.0,80.0,80.0,40.0,0.0,80.0,12495.238095238095,airunit-257c9cb1-9ab8-4215-a642-4cd8cc622792
7,59.333333333333314,40.0,-19.68,20.0,13120.0,64.58441307644259,65.0,79.04751635726,40.0,-19.68,59.99722821526643,20.0,6720.0,20.0,80.0,80.0,40.0,0.0,80.0,12495.238095238095,airunit-257c9cb1-9ab8-4215-a642-4cd8cc622792
8,59.24999999999998,40.0,-19.68,20.0,13120.0,64.53106894567816,65.0,79.04748705786982,40.0,-19.68,59.996536337289335,20.0,6720.0,20.0,80.0,80.0,40.0,0.0,80.0,12495.238095238095,airunit-257c9cb1-9ab8-4215-a642-4cd8cc622792
9,59.16666666666664,40.0,-19.68,20.0,13120.0,64.47742492288805,65.0,79.04745411129949,40.0,-19.68,59.99576793944616,20.0,6720.0,20.0,80.0,80.0,40.0,0.0,80.0,12495.238095238095,airunit-257c9cb1-9ab8-4215-a642-4cd8cc622792
10,59.08333333333331,40.0,-19.68,20.0,13120.0,64.4234840069925,65.0,79.047417520926,40.0,-19.68,59.99492309258866,20.0,6720.0,20.0,80.0,80.0,40.0,0.0,80.0,12495.238095238095,airunit-257c9cb1-9ab8-4215-a642-4cd8cc622792
11,58.99999999999997,40.0,-19.68,20.0,13120.0,64.36924916692257,65.0,79.04737729012326,40.0,-19.68,59.994001867502924,20.0,6720.0,20.0,80.0,80.0,40.0,0.0,80.0,12495.238095238095,airunit-257c9cb1-9ab8-4215-a642-4cd8cc622792
12,58.916666666666636,40.0,-19.68,20.0,13120.0,64.31472334192001,65.0,79.04733342226204,40.0,-19.68,59.99300433490956,20.0,6720.0,20.0,80.0,80.0,40.0,0.0,80.0,12495.238095238095,airunit-257c9cb1-9ab8-4215-a642-4cd8cc622792
13,58.8333333333333,40.0,-19.68,20.0,13120.0,64.25990944183415,65.0,79.04728592070998,40.0,-19.68,59.991930565463655,20.0,6720.0,20.0,80.0,80.0,40.0,0.0,80.0,12495.238095238095,airunit-257c9cb1-9ab8-4215-a642-4cd8cc622792
14,58.749999999999964,40.0,-19.68,20.0,13120.0,64.20481034741582,65.0,79.0472347888316,40.0,-19.68,59.99078062975489,20.0,6720.0,20.0,80.0,80.0,40.0,0.0,80.0,12495.238095238095,airunit-257c9cb1-9ab8-4215-a642-4cd8cc622792
15,58.66666666666663,40.0,-19.68,20.0,13120.0,64.14942891060832,65.0,79.04718002998833,40.0,-19.68,59.98955459830759,20.0,6720.0,20.0,80.0,80.0,40.0,0.0,80.0,12495.238095238095,airunit-257c9cb1-9ab8-4215-a642-4cd8cc622792
16,58.58333333333329,40.0,-19.68,20.0,13120.0,64.09376795483557,65.0,79.04712164753845,40.0,-19.68,59.988252541580756,20.0,6720.0,20.0,80.0,80.0,40.0,0.0,80.0,12495.238095238095,airunit-257c9cb1-9ab8-4215-a642-4cd8cc622792
17,58.49999999999996,40.0,-19.68,20.0,13120.0,64.03783027528722,65.0,79.04705964483718,40.0,-19.68,59.98687452996819,20.0,6720.0,20.0,80.0,80.0,40.0,0.0,80.0,12495.238095238095,airunit-257c9cb1-9ab8-4215-a642-4cd8cc622792
18,58.41666666666662,40.0,-19.68,20.0,13120.0,63.98161863920102,65.0,79.04699402523657,40.0,-19.68,59.98542063379847,20.0,6720.0,20.0,80.0,80.0,40.0,0.0,80.0,12495.238095238095,airunit-257c9cb1-9ab8-4215-a642-4cd8cc622792
19,58.333333333333286,40.0,-19.68,20.0,13120.0,63.92513578614234,65.0,79.04692479208563,40.0,-19.68,59.983890923335075,20.0,6720.0,20.0,80.0,80.0,40.0,0.0,80.0,12495.238095238095,airunit-257c9cb1-9ab8-4215-a642-4cd8cc622792
20,58.24999999999995,40.0,-19.68,20.0,13120.0,63.86838442828092,65.0,79.04685194873024,40.0,-19.68,59.98228546877643,20.0,6720.0,20.0,80.0,80.0,40.0,0.0,80.0,12495.238095238095,airunit-257c9cb1-9ab8-4215-a642-4cd8cc622792
21,58.166666666666615,40.0,-19.68,20.0,13120.0,63.81136725066477,65.0,79.04677549851316,40.0,-19.68,59.98060434025596,20.0,6720.0,20.0,80.0,80.0,40.0,0.0,80.0,12495.238095238095,airunit-257c9cb1-9ab8-4215-a642-4cd8cc622792
22,58.08333333333328,40.0,-19.68,20.0,13120.0,63.754086911491456,65.0,79.04669544477409,40.0,-19.68,59.97884760784214,20.0,6720.0,20.0,80.0,80.0,40.0,0.0,80.0,12495.238095238095,airunit-257c9cb1-9ab8-4215-a642-4cd8cc622792
23,57.99999999999994,40.0,-19.68,20.0,13120.0,63.69654604237654,65.0,79.04661179084962,40.0,-19.68,59.97701534153858,20.0,6720.0,20.0,80.0,80.0,40.0,0.0,80.0,12495.238095238095,airunit-257c9cb1-9ab8-4215-a642-4cd8cc622792
24,57.91666666666661,40.0,-19.68,20.0,13120.0,63.63874724861944,65.0,79.04652454007326,40.0,-19.68,59.97510761128407,20.0,6720.0,20.0,80.0,80.0,40.0,0.0,80.0,12495.238095238095,airunit-257c9cb1-9ab8-4215-a642-4cd8cc622792
25,57.83333333333327,40.0,-19.68,20.0,13120.0,63.58069310946658,65.0,79.04643369577543,40.0,-19.68,59.973124486952635,20.0,6720.0,20.0,80.0,80.0,40.0,0.0,80.0,12495.238095238095,airunit-257c9cb1-9ab8-4215-a642-4cd8cc622792
26,57.749999999999936,40.0,-19.68,20.0,13120.0,63.52238617837191,65.0,79.04633926128345,40.0,-19.68,59.971066038353605,20.0,6720.0,20.0,80.0,80.0,40.0,0.0,80.0,12495.238095238095,airunit-257c9cb1-9ab8-4215-a642-4cd8cc622792
27,57.6666666666666,40.0,-19.68,20.0,13120.0,63.46382898325486,65.0,79.0462412399216,40.0,-19.68,59.96893233523167,20.0,6720.0,20.0,80.0,80.0,40.0,0.0,80.0,12495.238095238095,airunit-257c9cb1-9ab8-4215-a642-4cd8cc622792
28,57.583333333333265,40.0,-19.68,20.0,13120.0,63.40502402675564,65.0,79.04613963501103,40.0,-19.68,59.96672344726695,20.0,6720.0,20.0,80.0,80.0,40.0,0.0,80.0,12495.238095238095,airunit-257c9cb1-9ab8-4215-a642-4cd8cc622792
29,57.49999999999993,40.0,-19.68,20.0,13120.0,63.34597378648808,65.0,79.04603444986985,40.0,-19.68,59.96443944407503,20.0,6720.0,20.0,80.0,80.0,40.0,0.0,80.0,12495.238095238095,airunit-257c9cb1-9ab8-4215-a642-4cd8cc622792
30,57.41666666666659,40.0,-19.68,20.0,13120.0,63.28668071528987,65.0,79.0459256878131,40.0,-19.68,59.96208039520706,20.0,6720.0,20.0,80.0,80.0,40.0,0.0,80.0,12495.238095238095,airunit-257c9cb1-9ab8-4215-a642-4cd8cc622792
31,57.33333333333326,40.0,-19.68,20.0,13120.0,63.227147241470306,65.0,79.04581335215272,40.0,-19.68,59.95964637014978,20.0,6720.0,20.0,80.0,80.0,40.0,0.0,80.0,12495.238095238095,airunit-257c9cb1-9ab8-4215-a642-4cd8cc622792
32,57.24999999999992,40.0,-19.68,20.0,13120.0,63.1673757690556,65.0,79.04569744619761,40.0,-19.68,59.95713743832556,20.0,6720.0,20.0,80.0,80.0,40.0,0.0,80.0,12495.238095238095,airunit-257c9cb1-9ab8-4215-a642-4cd8cc622792
33,57.166666666666586,40.0,-19.68,20.0,13120.0,63.10736867803171,65.0,79.0455779732536,40.0,-19.68,59.95455366909254,20.0,6720.0,20.0,80.0,80.0,40.0,0.0,80.0,12495.238095238095,airunit-257c9cb1-9ab8-4215-a642-4cd8cc622792
34,57.08333333333325,40.0,-19.68,20.0,13120.0,63.047128324584726,65.0,79.04545493662346,40.0,-19.68,59.951895131744614,20.0,6720.0,20.0,80.0,80.0,40.0,0.0,80.0,12495.238095238095,airunit-257c9cb1-9ab8-4215-a642-4cd8cc622792
35,56.999999999999915,40.0,-19.68,20.0,13120.0,62.98665704133888,65.0,79.04532833960688,40.0,-19.68,59.949161895511516,20.0,6720.0,20.0,80.0,80.0,40.0,0.0,80.0,12495.238095238095,airunit-257c9cb1-9ab8-4215-a642-4cd8cc622792
36,56.91666666666658,40.0,-19.68,20.0,13120.0,62.92595713759216,65.0,79.04519818550054,40.0,-19.68,59.94635402955888,20.0,6720.0,20.0,80.0,80.0,40.0,0.0,80.0,12495.238095238095,airunit-257c9cb1-9ab8-4215-a642-4cd8cc622792
37,56.83333333333324,40.0,-19.68,20.0,13120.0,62.865030899549566,65.0,79.04506447759803,40.0,-19.68,59.9434716029883,20.0,6720.0,20.0,80.0,80.0,40.0,0.0,80.0,12495.238095238095,airunit-257c9cb1-9ab8-4215-a642-4cd8cc622792
38,56.74999999999991,40.0,-19.68,20.0,13120.0,62.80388059055407,65.0,79.04492721918992,40.0,-19.68,59.94051468483739,20.0,6720.0,20.0,80.0,80.0,40.0,0.0,80.0,12495.238095238095,airunit-257c9cb1-9ab8-4215-a642-4cd8cc622792
39,56.66666666666657,40.0,-19.68,20.0,13120.0,62.742508451315196,65.0,79.04478641356368,40.0,-19.68,59.93748334407982,20.0,6720.0,20.0,80.0,80.0,40.0,0.0,80.0,12495.238095238095,airunit-257c9cb1-9ab8-4215-a642-4cd8cc622792
40,56.583333333333236,40.0,-19.68,20.0,13120.0,62.68091670013538,65.0,79.0446420640038,40.0,-19.68,59.934377649625425,20.0,6720.0,20.0,80.0,80.0,40.0,0.0,80.0,12495.238095238095,airunit-257c9cb1-9ab8-4215-a642-4cd8cc622792
41,56.4999999999999,40.0,-19.68,20.0,13120.0,62.61910753313402,65.0,79.04449417379169,40.0,-19.68,59.931197670320216,20.0,6720.0,20.0,80.0,80.0,40.0,0.0,80.0,12495.238095238095,airunit-257c9cb1-9ab8-4215-a642-4cd8cc622792
42,56.416666666666565,40.0,-19.68,20.0,13120.0,62.557083124469344,65.0,79.04434274620573,40.0,-19.68,59.92794347494646,20.0,6720.0,20.0,80.0,80.0,40.0,0.0,80.0,12495.238095238095,airunit-257c9cb1-9ab8-4215-a642-4cd8cc622792
43,56.33333333333323,40.0,-19.68,20.0,13120.0,62.49484562655798,65.0,79.04418778452126,40.0,-19.68,59.92461513222273,20.0,6720.0,20.0,80.0,80.0,40.0,0.0,80.0,12495.238095238095,airunit-257c9cb1-9ab8-4215-a642-4cd8cc622792
44,56.24999999999989,40.0,-19.68,20.0,13120.0,62.432397170292404,65.0,79.0440292920106,40.0,-19.68,59.921212710804014,20.0,6720.0,20.0,80.0,80.0,40.0,0.0,80.0,12495.238095238095,airunit-257c9cb1-9ab8-4215-a642-4cd8cc622792
45,56.16666666666656,40.0,-19.68,20.0,13120.0,62.36973986525614,65.0,79.04386727194304,40.0,-19.68,59.91773627928166,20.0,6720.0,20.0,80.0,80.0,40.0,0.0,80.0,12495.238095238095,airunit-257c9cb1-9ab8-4215-a642-4cd8cc622792
46,56.08333333333322,40.0,-19.68,20.0,13120.0,62.30687579993691,65.0,79.04370172758483,40.0,-19.68,59.91418590618357,20.0,6720.0,20.0,80.0,80.0,40.0,0.0,80.0,12495.238095238095,airunit-257c9cb1-9ab8-4215-a642-4cd8cc622792
47,55.999999999999886,40.0,-19.68,20.0,13120.0,62.24380704193754,65.0,79.04353266219921,40.0,-19.68,59.91056165997414,20.0,6720.0,20.0,80.0,80.0,40.0,0.0,80.0,12495.238095238095,airunit-257c9cb1-9ab8-4215-a642-4cd8cc622792
48,55.91666666666655,40.0,-19.68,20.0,13120.0,62.180535638184836,65.0,79.04336007904638,40.0,-19.68,59.906863609054405,20.0,6720.0,20.0,80.0,80.0,40.0,0.0,80.0,12495.238095238095,airunit-257c9cb1-9ab8-4215-a642-4cd8cc622792
49,55.833333333333215,40.0,-19.68,20.0,13120.0,62.11706361513632,65.0,79.04318398138354,40.0,-19.68,59.90309182176207,20.0,6720.0,20.0,80.0,80.0,40.0,0.0,80.0,12495.238095238095,airunit-257c9cb1-9ab8-4215-a642-4cd8cc622792
50,55.74999999999988,40.0,-19.68,20.0,13120.0,62.05339297898495,65.0,79.04300437246486,40.0,-19.68,59.89924636637155,20.0,6720.0,20.0,80.0,80.0,40.0,0.0,80.0,12495.238095238095,airunit-257c9cb1-9ab8-4215-a642-4cd8cc622792
51,55.66666666666654,40.0,-19.68,20.0,13120.0,61.98952571586177,65.0,79.0428212555415,40.0,-19.68,59.89532731109404,20.0,6720.0,20.0,80.0,80.0,40.0,0.0,80.0,12495.238095238095,airunit-257c9cb1-9ab8-4215-a642-4cd8cc622792
52,55.58333333333321,40.0,-19.68,20.0,13120.0,61.92546379203648,65.0,79.04263463386161,40.0,-19.68,59.8913347240776,20.0,6720.0,20.0,80.0,80.0,40.0,0.0,80.0,12495.238095238095,airunit-257c9cb1-9ab8-4215-a642-4cd8cc622792
53,55.49999999999987,40.0,-19.68,20.0,13120.0,61.86120915411612,65.0,79.04244451067035,40.0,-19.68,59.88726867340714,20.0,6720.0,20.0,80.0,80.0,40.0,0.0,80.0,12495.238095238095,airunit-257c9cb1-9ab8-4215-a642-4cd8cc622792
54,55.416666666666536,40.0,-19.68,20.0,13120.0,61.79676372924162,65.0,79.04225088920985,40.0,-19.68,59.88312922710461,20.0,6720.0,20.0,80.0,80.0,40.0,0.0,80.0,12495.238095238095,airunit-257c9cb1-9ab8-4215-a642-4cd8cc622792
55,55.3333333333332,40.0,-19.68,20.0,13120.0,61.73212942528254,65.0,79.04205377271927,40.0,-19.68,59.87891645312889,20.0,6720.0,20.0,80.0,80.0,40.0,0.0,80.0,12495.238095238095,airunit-257c9cb1-9ab8-4215-a642-4cd8cc622792
56,55.249999999999865,40.0,-19.68,20.0,13120.0,61.66730813102971,65.0,79.04185316443471,40.0,-19.68,59.874630419376,20.0,6720.0,20.0,80.0,80.0,40.0,0.0,80.0,12495.238095238095,airunit-257c9cb1-9ab8-4215-a642-4cd8cc622792
57,55.16666666666653,40.0,-19.68,20.0,13120.0,61.60230171638608,65.0,79.04164906758933,40.0,-19.68,59.87027119367904,20.0,6720.0,20.0,80.0,80.0,40.0,0.0,80.0,12495.238095238095,airunit-257c9cb1-9ab8-4215-a642-4cd8cc622792
58,55.083333333333194,40.0,-19.68,20.0,13120.0,61.53711203255555,65.0,79.04144148541329,40.0,-19.68,59.865838843808355,20.0,6720.0,20.0,80.0,80.0,40.0,0.0,80.0,12495.238095238095,airunit-257c9cb1-9ab8-4215-a642-4cd8cc622792
59,54.99999999999986,40.0,-19.68,20.0,13120.0,61.47174091222999,65.0,79.04123042113373,40.0,-19.68,59.861333437471494,20.0,6720.0,20.0,80.0,80.0,40.0,0.0,80.0,12495.238095238095,airunit-257c9cb1-9ab8-4215-a642-4cd8cc622792
60,54.91666666666652,40.0,-19.68,20.0,13120.0,61.406190169774355,65.0,79.04101587797483,40.0,-19.68,59.85675504231333,20.0,6720.0,20.0,80.0,80.0,40.0,0.0,80.0,12495.238095238095,airunit-257c9cb1-9ab8-4215-a642-4cd8cc622792
61,54.83333333333319,40.0,-19.68,20.0,13120.0,61.34046160140994,65.0,79.04079785915778,40.0,-19.68,59.85212541268371,20.0,6720.0,20.0,80.0,80.0,40.0,0.0,80.0,12495.238095238095,airunit-257c9cb1-9ab8-4215-a642-4cd8cc622792
62,54.74999999999985,40.0,-19.68,20.0,13120.0,61.27455698539584,65.0,79.04057740060398,40.0,-19.68,59.847495783054086,20.0,6720.0,20.0,80.0,80.0,40.0,0.0,80.0,12495.238095238095,airunit-257c9cb1-9ab8-4215-a642-4cd8cc622792
63,54.666666666666515,40.0,-19.68,20.0,13120.0,61.20847808220854,65.0,79.0403569420502,40.0,-19.68,59.84286615342446,20.0,6720.0,20.0,80.0,80.0,40.0,0.0,80.0,12495.238095238095,airunit-257c9cb1-9ab8-4215-a642-4cd8cc622792
64,54.58333333333318,40.0,-19.68,20.0,13120.0,61.14222663471979,65.0,79.0401364834964,40.0,-19.68,59.83823652379484,20.0,6720.0,20.0,80.0,80.0,40.0,0.0,80.0,12495.238095238095,airunit-257c9cb1-9ab8-4215-a642-4cd8cc622792
65,54.499999999999844,40.0,-19.68,20.0,13120.0,61.075804368372594,65.0,79.03991602494261,40.0,-19.68,59.83360689416521,20.0,6720.0,20.0,80.0,80.0,40.0,0.0,80.0,12495.238095238095,airunit-257c9cb1-9ab8-4215-a642-4cd8cc622792
66,54.41666666666651,40.0,-19.68,20.0,13120.0,61.00921299135553,65.0,79.03969556638881,40.0,-19.68,59.82897726453558,20.0,6720.0,20.0,80.0,80.0,40.0,0.0,80.0,12495.238095238095,airunit-257c9cb1-9ab8-4215-a642-4cd8cc622792
67,54.33333333333317,40.0,-19.68,20.0,13120.0,60.94245419477531,65.0,79.03947510783503,40.0,-19.68,59.824347634905955,20.0,6720.0,20.0,80.0,80.0,40.0,0.0,80.0,12495.238095238095,airunit-257c9cb1-9ab8-4215-a642-4cd8cc622792
68,54.24999999999984,40.0,-19.68,20.0,13120.0,60.87552965282755,65.0,79.03925464928123,40.0,-19.68,59.81971800527632,20.0,6720.0,20.0,80.0,80.0,40.0,0.0,80.0,12495.238095238095,airunit-257c9cb1-9ab8-4215-a642-4cd8cc622792
69,54.1666666666665,40.0,-19.68,20.0,13120.0,60.808441022965944,65.0,79.03903419072745,40.0,-19.68,59.8150883756467,20.0,6720.0,20.0,80.0,80.0,40.0,0.0,80.0,12495.238095238095,airunit-257c9cb1-9ab8-4215-a642-4cd8cc622792
70,54.083333333333165,40.0,-19.68,20.0,13120.0,60.74118994606962,65.0,79.03881373217365,40.0,-19.68,59.810458746017076,20.0,6720.0,20.0,80.0,80.0,40.0,0.0,80.0,12495.238095238095,airunit-257c9cb1-9ab8-4215-a642-4cd8cc622792
71,53.99999999999983,40.0,-19.68,20.0,13120.0,60.673778046608916,65.0,79.03859327361985,40.0,-19.68,59.80582911638745,20.0,6720.0,20.0,80.0,80.0,40.0,0.0,80.0,12495.238095238095,airunit-257c9cb1-9ab8-4215-a642-4cd8cc622792
72,53.916666666666494,40.0,-19.68,20.0,13120.0,60.60620693280949,65.0,79.03837281506607,40.0,-19.68,59.80119948675783,20.0,6720.0,20.0,80.0,80.0,40.0,0.0,80.0,12495.238095238095,airunit-257c9cb1-9ab8-4215-a642-4cd8cc622792
73,53.83333333333316,40.0,-19.68,20.0,13120.0,60.53847819681473,65.0,79.03815235651227,40.0,-19.68,59.7965698571282,20.0,6720.0,20.0,80.0,80.0,40.0,0.0,80.0,12495.238095238095,airunit-257c9cb1-9ab8-4215-a642-4cd8cc622792
74,53.74999999999982,40.0,-19.68,20.0,13120.0,60.47059341484658,65.0,79.03793189795849,40.0,-19.68,59.79194022749857,20.0,6720.0,20.0,80.0,80.0,40.0,0.0,80.0,12495.238095238095,airunit-257c9cb1-9ab8-4215-a642-4cd8cc622792
75,53.66666666666649,40.0,-19.68,20.0,13120.0,60.40255414736478,65.0,79.03771143940469,40.0,-19.68,59.787310597868945,20.0,6720.0,20.0,80.0,80.0,40.0,0.0,80.0,12495.238095238095,airunit-257c9cb1-9ab8-4215-a642-4cd8cc622792
76,53.58333333333315,40.0,-19.68,20.0,13120.0,60.334361939224465,65.0,79.0374909808509,40.0,-19.68,59.78268096823931,20.0,6720.0,20.0,80.0,80.0,40.0,0.0,80.0,12495.238095238095,airunit-257c9cb1-9ab8-4215-a642-4cd8cc622792
77,53.499999999999815,40.0,-19.68,20.0,13120.0,60.26601831983222,65.0,79.0372705222971,40.0,-19.68,59.77805133860969,20.0,6720.0,20.0,80.0,80.0,40.0,0.0,80.0,12495.238095238095,airunit-257c9cb1-9ab8-4215-a642-4cd8cc622792
78,53.41666666666648,40.0,-19.68,20.0,13120.0,60.19752480330056,65.0,79.03705006374332,40.0,-19.68,59.77342170898007,20.0,6720.0,20.0,80.0,80.0,40.0,0.0,80.0,12495.238095238095,airunit-257c9cb1-9ab8-4215-a642-4cd8cc622792
79,53.333333333333144,40.0,-19.68,20.0,13120.0,60.128882888600884,65.0,79.03682960518952,40.0,-19.68,59.76879207935044,20.0,6720.0,20.0,80.0,80.0,40.0,0.0,80.0,12495.238095238095,airunit-257c9cb1-9ab8-4215-a642-4cd8cc622792
80,53.24999999999981,40.0,-19.68,20.0,13120.0,60.06009405971487,65.0,79.03660914663574,40.0,-19.68,59.76416244972082,20.0,6720.0,20.0,80.0,80.0,40.0,0.0,80.0,12495.238095238095,airunit-257c9cb1-9ab8-4215-a642-4cd8cc622792
81,53.16666666666647,40.0,-19.68,20.0,13120.0,59.99115978578439,65.0,79.03638868808194,40.0,-19.68,59.75953282009119,20.0,6720.0,20.0,80.0,80.0,40.0,0.0,80.0,12495.238095238095,airunit-257c9cb1-9ab8-4215-a642-4cd8cc622792
82,53.08333333333314,40.0,-19.68,20.0,13120.0,59.92208152125988,65.0,79.03616822952814,40.0,-19.68,59.75490319046156,20.0,6720.0,20.0,80.0,80.0,40.0,0.0,80.0,12495.238095238095,airunit-257c9cb1-9ab8-4215-a642-4cd8cc622792
83,52.9999999999998,40.0,-19.68,20.0,13120.0,59.852860706047274,65.0,79.03594777097436,40.0,-19.68,59.750273560831936,20.0,6720.0,20.0,80.0,80.0,40.0,0.0,80.0,12495.238095238095,airunit-257c9cb1-9ab8-4215-a642-4cd8cc622792
84,52.916666666666465,40.0,-19.68,20.0,13120.0,59.78349876565346,65.0,79.03572731242056,40.0,-19.68,59.7456439312023,20.0,6720.0,20.0,80.0,80.0,40.0,0.0,80.0,12495.238095238095,airunit-257c9cb1-9ab8-4215-a642-4cd8cc622792
85,52.83333333333313,40.0,-19.68,20.0,13120.0,59.71399711133026,65.0,79.03550685386678,40.0,-19.68,59.74101430157268,20.0,6720.0,20.0,80.0,80.0,40.0,0.0,80.0,12495.238095238095,airunit-257c9cb1-9ab8-4215-a642-4cd8cc622792
86,52.749999999999794,40.0,-19.68,20.0,13120.0,59.644357140216954,65.0,79.03528639531298,40.0,-19.68,59.73638467194306,20.0,6720.0,20.0,80.0,80.0,40.0,0.0,80.0,12495.238095238095,airunit-257c9cb1-9ab8-4215-a642-4cd8cc622792
87,52.66666666666646,40.0,-19.68,20.0,13120.0,59.57458023548145,65.0,79.0350659367592,40.0,-19.68,59.73175504231343,20.0,6720.0,20.0,80.0,80.0,40.0,0.0,80.0,12495.238095238095,airunit-257c9cb1-9ab8-4215-a642-4cd8cc622792
88,52.58333333333312,40.0,-19.68,20.0,13120.0,59.50466776645997,65.0,79.0348454782054,40.0,-19.68,59.72712541268381,20.0,6720.0,20.0,80.0,80.0,40.0,0.0,80.0,12495.238095238095,airunit-257c9cb1-9ab8-4215-a642-4cd8cc622792
89,52.49999999999979,40.0,-19.68,20.0,13120.0,59.43462108879537,65.0,79.03462501965161,40.0,-19.68,59.72249578305418,20.0,6720.0,20.0,80.0,80.0,40.0,0.0,80.0,12495.238095238095,airunit-257c9cb1-9ab8-4215-a642-4cd8cc622792
90,52.41666666666645,40.0,-19.68,20.0,13120.0,59.36444154457408,65.0,79.03440456109782,40.0,-19.68,59.71786615342455,20.0,6720.0,20.0,80.0,80.0,40.0,0.0,80.0,12495.238095238095,airunit-257c9cb1-9ab8-4215-a642-4cd8cc622792
91,52.333333333333115,40.0,-19.68,20.0,13120.0,59.294130462461666,65.0,79.03418410254403,40.0,-19.68,59.713236523794926,20.0,6720.0,20.0,80.0,80.0,40.0,0.0,80.0,12495.238095238095,airunit-257c9cb1-9ab8-4215-a642-4cd8cc622792
92,52.24999999999978,40.0,-19.68,20.0,13120.0,59.22368915783705,65.0,79.03396364399023,40.0,-19.68,59.70860689416529,20.0,6720.0,20.0,80.0,80.0,40.0,0.0,80.0,12495.238095238095,airunit-257c9cb1-9ab8-4215-a642-4cd8cc622792
93,52.166666666666444,40.0,-19.68,20.0,13120.0,59.153118932925345,65.0,79.03374318543644,40.0,-19.68,59.70397726453567,20.0,6720.0,20.0,80.0,80.0,40.0,0.0,80.0,12495.238095238095,airunit-257c9cb1-9ab8-4215-a642-4cd8cc622792
94,52.08333333333311,40.0,-19.68,20.0,13120.0,59.08242107692942,65.0,79.03352272688264,40.0,-19.68,59.69934763490605,20.0,6720.0,20.0,80.0,80.0,40.0,0.0,80.0,12495.238095238095,airunit-257c9cb1-9ab8-4215-a642-4cd8cc622792
95,51.99999999999977,40.0,-19.68,20.0,13120.0,59.011596866160126,65.0,79.03330226832885,40.0,-19.68,59.69471800527642,20.0,6720.0,20.0,80.0,80.0,40.0,0.0,80.0,12495.238095238095,airunit-257c9cb1-9ab8-4215-a642-4cd8cc622792
96,51.91666666666644,40.0,-19.68,20.0,13120.0,58.94064756416519,65.0,79.03308180977506,40.0,-19.68,59.6900883756468,20.0,6720.0,20.0,80.0,80.0,40.0,0.0,80.0,12495.238095238095,airunit-257c9cb1-9ab8-4215-a642-4cd8cc622792
97,51.8333333333331,40.0,-19.68,20.0,13120.0,58.86957442185687,65.0,79.03286135122127,40.0,-19.68,59.68545874601717,20.0,6720.0,20.0,80.0,80.0,40.0,0.0,80.0,12495.238095238095,airunit-257c9cb1-9ab8-4215-a642-4cd8cc622792
98,51.749999999999766,40.0,-19.68,20.0,13120.0,58.7983786776383,65.0,79.03264089266747,40.0,-19.68,59.68082911638754,20.0,6720.0,20.0,80.0,80.0,40.0,0.0,80.0,12495.238095238095,airunit-257c9cb1-9ab8-4215-a642-4cd8cc622792
99,51.66666666666643,40.0,-19.68,20.0,13120.0,58.72706155752858,65.0,79.03242043411369,40.0,-19.68,59.676199486757916,20.0,6720.0,20.0,80.0,80.0,40.0,0.0,80.0,12495.238095238095,airunit-257c9cb1-9ab8-4215-a642-4cd8cc622792
100,51.583333333333094,40.0,-19.68,20.0,13120.0,58.65562427528663,65.0,79.03219997555989,40.0,-19.68,59.67156985712828,20.0,6720.0,20.0,80.0,80.0,40.0,0.0,80.0,12495.238095238095,airunit-257c9cb1-9ab8-4215-a642-4cd8cc622792
101,51.49999999999976,40.0,-19.68,20.0,13120.0,58.58406803253376,65.0,79.0319795170061,40.0,-19.68,59.666940227498664,20.0,6720.0,20.0,80.0,80.0,40.0,0.0,80.0,12495.238095238095,airunit-257c9cb1-9ab8-4215-a642-4cd8cc622792
102,51.41666666666642,40.0,-19.68,20.0,13120.0,58.512394018875085,65.0,79.03175905845231,40.0,-19.68,59.66231059786904,20.0,6720.0,20.0,80.0,80.0,40.0,0.0,80.0,12495.238095238095,airunit-257c9cb1-9ab8-4215-a642-4cd8cc622792
103,51.33333333333309,40.0,-19.68,20.0,13120.0,58.44060341201966,65.0,79.03153859989851,40.0,-19.68,59.65768096823941,20.0,6720.0,20.0,80.0,80.0,40.0,0.0,80.0,12495.238095238095,airunit-257c9cb1-9ab8-4215-a642-4cd8cc622792
104,51.24999999999975,40.0,-19.68,20.0,13120.0,58.368697377899466,65.0,79.03131814134473,40.0,-19.68,59.65305133860979,20.0,6720.0,20.0,80.0,80.0,40.0,0.0,80.0,12495.238095238095,airunit-257c9cb1-9ab8-4215-a642-4cd8cc622792
105,51.166666666666416,40.0,-19.68,20.0,13120.0,58.29667707078713,65.0,79.03109768279093,40.0,-19.68,59.64842170898016,20.0,6720.0,20.0,80.0,80.0,40.0,0.0,80.0,12495.238095238095,airunit-257c9cb1-9ab8-4215-a642-4cd8cc622792
106,51.08333333333308,40.0,-19.68,20.0,13120.0,58.224543633412594,65.0,79.03087722423714,40.0,-19.68,59.64379207935053,20.0,6720.0,20.0,80.0,80.0,40.0,0.0,80.0,12495.238095238095,airunit-257c9cb1-9ab8-4215-a642-4cd8cc622792
107,50.999999999999744,40.0,-19.68,20.0,13120.0,58.152298197078466,65.0,79.03065676568335,40.0,-19.68,59.63916244972091,20.0,6720.0,20.0,80.0,80.0,40.0,0.0,80.0,12495.238095238095,airunit-257c9cb1-9ab8-4215-a642-4cd8cc622792
108,50.91666666666641,40.0,-19.68,20.0,13120.0,58.079941881774346,65.0,79.03043630712956,40.0,-19.68,59.63453282009127,20.0,6720.0,20.0,80.0,80.0,40.0,0.0,80.0,12495.238095238095,airunit-257c9cb1-9ab8-4215-a642-4cd8cc622792
109,50.83333333333307,40.0,-19.68,20.0,13120.0,58.00747579628993,65.0,79.03021584857576,40.0,-19.68,59.629903190461654,20.0,6720.0,20.0,80.0,80.0,40.0,0.0,80.0,12495.238095238095,airunit-257c9cb1-9ab8-4215-a642-4cd8cc622792
110,50.74999999999974,40.0,-19.68,20.0,13120.0,57.93490103832703,65.0,79.02999539002198,40.0,-19.68,59.62527356083203,20.0,6720.0,20.0,80.0,80.0,40.0,0.0,80.0,12495.238095238095,airunit-257c9cb1-9ab8-4215-a642-4cd8cc622792
111,50.6666666666664,40.0,-19.68,20.0,13120.0,57.86221869461042,65.0,79.02977493146818,40.0,-19.68,59.6206439312024,20.0,6720.0,20.0,80.0,80.0,40.0,0.0,80.0,12495.238095238095,airunit-257c9cb1-9ab8-4215-a642-4cd8cc622792
112,50.583333333333066,40.0,-19.68,20.0,13120.0,57.78942984099765,65.0,79.0295544729144,40.0,-19.68,59.61601430157278,20.0,6720.0,20.0,80.0,80.0,40.0,0.0,80.0,12495.238095238095,airunit-257c9cb1-9ab8-4215-a642-4cd8cc622792
113,50.49999999999973,40.0,-19.68,20.0,13120.0,57.71653554258767,65.0,79.0293340143606,40.0,-19.68,59.61138467194315,20.0,6720.0,20.0,80.0,80.0,40.0,0.0,80.0,12495.238095238095,airunit-257c9cb1-9ab8-4215-a642-4cd8cc622792
114,50.416666666666394,40.0,-19.68,20.0,13120.0,57.64353685382846,65.0,79.02911355580682,40.0,-19.68,59.60675504231352,20.0,6720.0,20.0,80.0,80.0,40.0,0.0,80.0,12495.238095238095,airunit-257c9cb1-9ab8-4215-a642-4cd8cc622792
115,50.33333333333306,40.0,-19.68,20.0,13120.0,57.570434818623504,65.0,79.02889309725302,40.0,-19.68,59.6021254126839,20.0,6720.0,20.0,80.0,80.0,40.0,0.0,80.0,12495.238095238095,airunit-257c9cb1-9ab8-4215-a642-4cd8cc622792
116,50.24999999999972,40.0,-19.68,20.0,13120.0,57.497230470437266,65.0,79.02867263869922,40.0,-19.68,59.59749578305426,20.0,6720.0,20.0,80.0,80.0,40.0,0.0,80.0,12495.238095238095,airunit-257c9cb1-9ab8-4215-a642-4cd8cc622792
117,50.16666666666639,40.0,-19.68,20.0,13120.0,57.42392483239956,65.0,79.02845218014544,40.0,-19.68,59.592866153424644,20.0,6720.0,20.0,80.0,80.0,40.0,0.0,80.0,12495.238095238095,airunit-257c9cb1-9ab8-4215-a642-4cd8cc622792
118,50.08333333333305,40.0,-19.68,20.0,13120.0,57.35051891740889,65.0,79.02823172159164,40.0,-19.68,59.58823652379502,20.0,6720.0,20.0,80.0,80.0,40.0,0.0,80.0,12495.238095238095,airunit-257c9cb1-9ab8-4215-a642-4cd8cc622792
119,49.999999999999716,40.0,-19.68,20.0,13120.0,57.2770137282348,65.0,79.02801126303785,40.0,-19.68,59.58360689416539,20.0,6720.0,20.0,80.0,80.0,40.0,0.0,80.0,12495.238095238095,airunit-257c9cb1-9ab8-4215-a642-4cd8cc622792
120,49.91666666666638,40.0,-19.68,20.0,13120.0,57.20341025761911,65.0,79.02779080448406,40.0,-19.68,59.57897726453577,20.0,6720.0,20.0,80.0,80.0,40.0,0.0,80.0,12495.238095238095,airunit-257c9cb1-9ab8-4215-a642-4cd8cc622792
121,49.833333333333044,40.0,-19.68,20.0,13120.0,57.12970948837625,65.0,79.02757034593027,40.0,-19.68,59.57434763490614,20.0,6720.0,20.0,80.0,80.0,40.0,0.0,80.0,12495.238095238095,airunit-257c9cb1-9ab8-4215-a642-4cd8cc622792
122,49.74999999999971,40.0,-19.68,20.0,13120.0,57.055912393492484,65.0,79.02734988737647,40.0,-19.68,59.56971800527651,20.0,6720.0,20.0,80.0,80.0,40.0,0.0,80.0,12495.238095238095,airunit-257c9cb1-9ab8-4215-a642-4cd8cc622792
123,49.66666666666637,40.0,-19.68,20.0,13120.0,56.982019936224226,65.0,79.02712942882269,40.0,-19.68,59.56508837564689,20.0,6720.0,20.0,80.0,80.0,40.0,0.0,80.0,12495.238095238095,airunit-257c9cb1-9ab8-4215-a642-4cd8cc622792
124,49.58333333333304,40.0,-19.68,20.0,13120.0,56.908033070195316,65.0,79.02690897026889,40.0,-19.68,59.560458746017254,20.0,6720.0,20.0,80.0,80.0,40.0,0.0,80.0,12495.238095238095,airunit-257c9cb1-9ab8-4215-a642-4cd8cc622792
125,49.4999999999997,40.0,-19.68,20.0,13120.0,56.83395273949336,65.0,79.02668851171511,40.0,-19.68,59.555829116387635,20.0,6720.0,20.0,80.0,80.0,40.0,0.0,80.0,12495.238095238095,airunit-257c9cb1-9ab8-4215-a642-4cd8cc622792
126,49.416666666666366,40.0,-19.68,20.0,13120.0,56.759779878765094,65.0,79.02646805316131,40.0,-19.68,59.55119948675801,20.0,6720.0,20.0,80.0,80.0,40.0,0.0,80.0,12495.238095238095,airunit-257c9cb1-9ab8-4215-a642-4cd8cc622792
127,49.33333333333303,40.0,-19.68,20.0,13120.0,56.685515413310775,65.0,79.02624759460751,40.0,-19.68,59.54656985712838,20.0,6720.0,20.0,80.0,80.0,40.0,0.0,80.0,12495.238095238095,airunit-257c9cb1-9ab8-4215-a642-4cd8cc622792
128,49.249999999999694,40.0,-19.68,20.0,13120.0,56.611160259177666,65.0,79.02602713605373,40.0,-19.68,59.54194022749876,20.0,6720.0,20.0,80.0,80.0,40.0,0.0,80.0,12495.238095238095,airunit-257c9cb1-9ab8-4215-a642-4cd8cc622792
129,49.16666666666636,40.0,-19.68,20.0,13120.0,56.53671532325255,65.0,79.02580667749993,40.0,-19.68,59.53731059786913,20.0,6720.0,20.0,80.0,80.0,40.0,0.0,80.0,12495.238095238095,airunit-257c9cb1-9ab8-4215-a642-4cd8cc622792
130,49.08333333333302,40.0,-19.68,20.0,13120.0,56.46218150335336,65.0,79.02558621894615,40.0,-19.68,59.532680968239504,20.0,6720.0,20.0,80.0,80.0,40.0,0.0,80.0,12495.238095238095,airunit-257c9cb1-9ab8-4215-a642-4cd8cc622792
131,48.99999999999969,40.0,-19.68,20.0,13120.0,56.38755968831982,65.0,79.02536576039235,40.0,-19.68,59.52805133860988,20.0,6720.0,20.0,80.0,80.0,40.0,0.0,80.0,12495.238095238095,airunit-257c9cb1-9ab8-4215-a642-4cd8cc622792
132,48.91666666666635,40.0,-19.68,20.0,13120.0,56.31285075810328,65.0,79.02514530183856,40.0,-19.68,59.523421708980244,20.0,6720.0,20.0,80.0,80.0,40.0,0.0,80.0,12495.238095238095,airunit-257c9cb1-9ab8-4215-a642-4cd8cc622792
133,48.833333333333016,40.0,-19.68,20.0,13120.0,56.23805558385558,65.0,79.02492484328477,40.0,-19.68,59.518792079350625,20.0,6720.0,20.0,80.0,80.0,40.0,0.0,80.0,12495.238095238095,airunit-257c9cb1-9ab8-4215-a642-4cd8cc622792
134,48.74999999999968,40.0,-19.68,20.0,13120.0,56.163175028017015,65.0,79.02470438473098,40.0,-19.68,59.514162449721,20.0,6720.0,20.0,80.0,80.0,40.0,0.0,80.0,12495.238095238095,airunit-257c9cb1-9ab8-4215-a642-4cd8cc622792
135,48.666666666666345,40.0,-19.68,20.0,13120.0,56.08820994440351,65.0,79.02448392617718,40.0,-19.68,59.50953282009137,20.0,6720.0,20.0,80.0,80.0,40.0,0.0,80.0,12495.238095238095,airunit-257c9cb1-9ab8-4215-a642-4cd8cc622792
136,48.58333333333301,40.0,-19.68,20.0,13120.0,56.013161178292805,65.0,79.0242634676234,40.0,-19.68,59.504903190461754,20.0,6720.0,20.0,80.0,80.0,40.0,0.0,80.0,12495.238095238095,airunit-257c9cb1-9ab8-4215-a642-4cd8cc622792
137,48.49999999999967,40.0,-19.68,20.0,13120.0,55.938029566509876,65.0,79.0240430090696,40.0,-19.68,59.50027356083212,20.0,6720.0,20.0,80.0,80.0,40.0,0.0,80.0,12495.238095238095,airunit-257c9cb1-9ab8-4215-a642-4cd8cc622792
138,48.41666666666634,40.0,-19.68,20.0,13120.0,55.86281593751144,65.0,79.02382255051582,40.0,-19.68,59.495643931202494,20.0,6720.0,20.0,80.0,80.0,40.0,0.0,80.0,12495.238095238095,airunit-257c9cb1-9ab8-4215-a642-4cd8cc622792
139,48.333333333333,40.0,-19.68,20.0,13120.0,55.78752111146966,65.0,79.02360209196202,40.0,-19.68,59.49101430157287,20.0,6720.0,20.0,80.0,80.0,40.0,0.0,80.0,12495.238095238095,airunit-257c9cb1-9ab8-4215-a642-4cd8cc622792
140,48.249999999999666,40.0,-19.68,20.0,13120.0,55.71214590035496,65.0,79.02338163340822,40.0,-19.68,59.486384671943235,20.0,6720.0,20.0,80.0,80.0,40.0,0.0,80.0,12495.238095238095,airunit-257c9cb1-9ab8-4215-a642-4cd8cc622792
141,48.16666666666633,40.0,-19.68,20.0,13120.0,55.63669110801808,65.0,79.02316117485444,40.0,-19.68,59.481755042313615,20.0,6720.0,20.0,80.0,80.0,40.0,0.0,80.0,12495.238095238095,airunit-257c9cb1-9ab8-4215-a642-4cd8cc622792
142,48.083333333332995,40.0,-19.68,20.0,13120.0,55.561157530271224,65.0,79.02294071630064,40.0,-19.68,59.47712541268399,20.0,6720.0,20.0,80.0,80.0,40.0,0.0,80.0,12495.238095238095,airunit-257c9cb1-9ab8-4215-a642-4cd8cc622792
143,47.99999999999966,40.0,-19.68,20.0,13120.0,55.48554595496851,65.0,79.02272025774685,40.0,-19.68,59.47249578305436,20.0,6720.0,20.0,80.0,80.0,40.0,0.0,80.0,12495.238095238095,airunit-257c9cb1-9ab8-4215-a642-4cd8cc622792
144,47.91666666666632,40.0,-19.68,20.0,13120.0,55.40985716208549,65.0,79.02249979919306,40.0,-19.68,59.467866153424744,20.0,6720.0,20.0,80.0,80.0,40.0,0.0,80.0,12495.238095238095,airunit-257c9cb1-9ab8-4215-a642-4cd8cc622792
145,47.83333333333299,40.0,-19.68,20.0,13120.0,55.33409192379796,65.0,79.02227934063927,40.0,-19.68,59.46323652379511,20.0,6720.0,20.0,80.0,80.0,40.0,0.0,80.0,12495.238095238095,airunit-257c9cb1-9ab8-4215-a642-4cd8cc622792
146,47.74999999999965,40.0,-19.68,20.0,13120.0,55.25825100455998,65.0,79.02205888208547,40.0,-19.68,59.458606894165484,20.0,6720.0,20.0,80.0,80.0,40.0,0.0,80.0,12495.238095238095,airunit-257c9cb1-9ab8-4215-a642-4cd8cc622792
147,47.666666666666316,40.0,-19.68,20.0,13120.0,55.182335161181044,65.0,79.02183842353169,40.0,-19.68,59.45397726453586,20.0,6720.0,20.0,80.0,80.0,40.0,0.0,80.0,12495.238095238095,airunit-257c9cb1-9ab8-4215-a642-4cd8cc622792
148,47.58333333333298,40.0,-19.68,20.0,13120.0,55.10634514290256,65.0,79.02161796497789,40.0,-19.68,59.449347634906225,20.0,6720.0,20.0,80.0,80.0,40.0,0.0,80.0,12495.238095238095,airunit-257c9cb1-9ab8-4215-a642-4cd8cc622792
149,47.499999999999645,40.0,-19.68,20.0,13120.0,55.03028169147353,65.0,79.02139750642411,40.0,-19.68,59.444718005276606,20.0,6720.0,20.0,80.0,80.0,40.0,0.0,80.0,12495.238095238095,airunit-257c9cb1-9ab8-4215-a642-4cd8cc622792
150,47.41666666666631,40.0,-19.68,20.0,13120.0,54.95414554122546,65.0,79.02117704787031,40.0,-19.68,59.44008837564698,20.0,6720.0,20.0,80.0,80.0,40.0,0.0,80.0,12495.238095238095,airunit-257c9cb1-9ab8-4215-a642-4cd8cc622792
151,47.33333333333297,40.0,-19.68,20.0,13120.0,54.877937419146534,65.0,79.02095658931651,40.0,-19.68,59.43545874601735,20.0,6720.0,20.0,80.0,80.0,40.0,0.0,80.0,12495.238095238095,airunit-257c9cb1-9ab8-4215-a642-4cd8cc622792
152,47.24999999999964,40.0,-19.68,20.0,13120.0,54.80165804495506,65.0,79.02073613076273,40.0,-19.68,59.430829116387734,20.0,6720.0,20.0,80.0,80.0,40.0,0.0,80.0,12495.238095238095,airunit-257c9cb1-9ab8-4215-a642-4cd8cc622792
153,47.1666666666663,40.0,-19.68,20.0,13120.0,54.72530813117218,65.0,79.02051567220893,40.0,-19.68,59.4261994867581,20.0,6720.0,20.0,80.0,80.0,40.0,0.0,80.0,12495.238095238095,airunit-257c9cb1-9ab8-4215-a642-4cd8cc622792
154,47.083333333332966,40.0,-19.68,20.0,13120.0,54.648888383193786,65.0,79.02029521365515,40.0,-19.68,59.421569857128475,20.0,6720.0,20.0,80.0,80.0,40.0,0.0,80.0,12495.238095238095,airunit-257c9cb1-9ab8-4215-a642-4cd8cc622792
155,46.99999999999963,40.0,-19.68,20.0,13120.0,54.57239949936184,65.0,79.02007475510135,40.0,-19.68,59.41694022749885,20.0,6720.0,20.0,80.0,80.0,40.0,0.0,80.0,12495.238095238095,airunit-257c9cb1-9ab8-4215-a642-4cd8cc622792
156,46.916666666666295,40.0,-19.68,20.0,13120.0,54.49584217103489,65.0,79.01985429654756,40.0,-19.68,59.412310597869215,20.0,6720.0,20.0,80.0,80.0,40.0,0.0,80.0,12495.238095238095,airunit-257c9cb1-9ab8-4215-a642-4cd8cc622792
157,46.83333333333296,40.0,-19.68,20.0,13120.0,54.419217082657866,65.0,79.01963383799377,40.0,-19.68,59.407680968239596,20.0,6720.0,20.0,80.0,80.0,40.0,0.0,80.0,12495.238095238095,airunit-257c9cb1-9ab8-4215-a642-4cd8cc622792
158,46.74999999999962,40.0,-19.68,20.0,13120.0,54.34252491183128,65.0,79.01941337943998,40.0,-19.68,59.40305133860997,20.0,6720.0,20.0,80.0,80.0,40.0,0.0,80.0,12495.238095238095,airunit-257c9cb1-9ab8-4215-a642-4cd8cc622792
159,46.66666666666629,40.0,-19.68,20.0,13120.0,54.26576632937963,65.0,79.01919292088618,40.0,-19.68,59.398421708980344,20.0,6720.0,20.0,80.0,80.0,40.0,0.0,80.0,12495.238095238095,airunit-257c9cb1-9ab8-4215-a642-4cd8cc622792
160,46.58333333333295,40.0,-19.68,20.0,13120.0,54.188941999419164,65.0,79.0189724623324,40.0,-19.68,59.393792079350725,20.0,6720.0,20.0,80.0,80.0,40.0,0.0,80.0,12495.238095238095,airunit-257c9cb1-9ab8-4215-a642-4cd8cc622792
161,46.499999999999616,40.0,-19.68,20.0,13120.0,54.11205257942497,65.0,79.0187520037786,40.0,-19.68,59.38916244972109,20.0,6720.0,20.0,80.0,80.0,40.0,0.0,80.0,12495.238095238095,airunit-257c9cb1-9ab8-4215-a642-4cd8cc622792
162,46.41666666666628,40.0,-19.68,20.0,13120.0,54.035098720297384,65.0,79.01853154522482,40.0,-19.68,59.384532820091465,20.0,6720.0,20.0,80.0,80.0,40.0,0.0,80.0,12495.238095238095,airunit-257c9cb1-9ab8-4215-a642-4cd8cc622792
163,46.333333333332945,40.0,-19.68,20.0,13120.0,53.95808106642774,65.0,79.01831108667102,40.0,-19.68,59.37990319046184,20.0,6720.0,20.0,80.0,80.0,40.0,0.0,80.0,12495.238095238095,airunit-257c9cb1-9ab8-4215-a642-4cd8cc622792
164,46.24999999999961,40.0,-19.68,20.0,13120.0,53.88100025576345,65.0,79.01809062811722,40.0,-19.68,59.375273560832206,20.0,6720.0,20.0,80.0,80.0,40.0,0.0,80.0,12495.238095238095,airunit-257c9cb1-9ab8-4215-a642-4cd8cc622792
165,46.16666666666627,40.0,-19.68,20.0,13120.0,53.80385691987248,65.0,79.01787016956344,40.0,-19.68,59.370643931202586,20.0,6720.0,20.0,80.0,80.0,40.0,0.0,80.0,12495.238095238095,airunit-257c9cb1-9ab8-4215-a642-4cd8cc622792
166,46.08333333333294,40.0,-19.68,20.0,13120.0,53.72665168400709,65.0,79.01764971100964,40.0,-19.68,59.36601430157296,20.0,6720.0,20.0,80.0,80.0,40.0,0.0,80.0,12495.238095238095,airunit-257c9cb1-9ab8-4215-a642-4cd8cc622792
167,45.9999999999996,40.0,-19.68,20.0,13120.0,53.64938516716701,65.0,79.01742925245586,40.0,-19.68,59.361384671943334,20.0,6720.0,20.0,80.0,80.0,40.0,0.0,80.0,12495.238095238095,airunit-257c9cb1-9ab8-4215-a642-4cd8cc622792
168,45.916666666666266,40.0,-19.68,20.0,13120.0,53.572057982162,65.0,79.01720879390206,40.0,-19.68,59.356755042313715,20.0,6720.0,20.0,80.0,80.0,40.0,0.0,80.0,12495.238095238095,airunit-257c9cb1-9ab8-4215-a642-4cd8cc622792
169,45.83333333333293,40.0,-19.68,20.0,13120.0,53.49467073567371,65.0,79.01698833534827,40.0,-19.68,59.35212541268408,20.0,6720.0,20.0,80.0,80.0,40.0,0.0,80.0,12495.238095238095,airunit-257c9cb1-9ab8-4215-a642-4cd8cc622792
170,45.749999999999595,40.0,-19.68,20.0,13120.0,53.417224028316966,65.0,79.01676787679448,40.0,-19.68,59.347495783054455,20.0,6720.0,20.0,80.0,80.0,40.0,0.0,80.0,12495.238095238095,airunit-257c9cb1-9ab8-4215-a642-4cd8cc622792
171,45.66666666666626,40.0,-19.68,20.0,13120.0,53.33971845470046,65.0,79.01654741824069,40.0,-19.68,59.34286615342483,20.0,6720.0,20.0,80.0,80.0,40.0,0.0,80.0,12495.238095238095,airunit-257c9cb1-9ab8-4215-a642-4cd8cc622792
172,45.583333333332924,40.0,-19.68,20.0,13120.0,53.262154603486785,65.0,79.0163269596869,40.0,-19.68,59.338236523795196,20.0,6720.0,20.0,80.0,80.0,40.0,0.0,80.0,12495.238095238095,airunit-257c9cb1-9ab8-4215-a642-4cd8cc622792
173,45.49999999999959,40.0,-19.68,20.0,13120.0,53.184533057451915,65.0,79.01610650113311,40.0,-19.68,59.33360689416558,20.0,6720.0,20.0,80.0,80.0,40.0,0.0,80.0,12495.238095238095,airunit-257c9cb1-9ab8-4215-a642-4cd8cc622792
174,45.41666666666625,40.0,-19.68,20.0,13120.0,53.10685439354406,65.0,79.01588604257931,40.0,-19.68,59.32897726453595,20.0,6720.0,20.0,80.0,80.0,40.0,0.0,80.0,12495.238095238095,airunit-257c9cb1-9ab8-4215-a642-4cd8cc622792
175,45.33333333333292,40.0,-19.68,20.0,13120.0,53.02911918294195,65.0,79.01566558402553,40.0,-19.68,59.324347634906324,20.0,6720.0,20.0,80.0,80.0,40.0,0.0,80.0,12495.238095238095,airunit-257c9cb1-9ab8-4215-a642-4cd8cc622792
176,45.24999999999958,40.0,-19.68,20.0,13120.0,52.95132799111252,65.0,79.01544512547173,40.0,-19.68,59.319718005276705,20.0,6720.0,20.0,80.0,80.0,40.0,0.0,80.0,12495.238095238095,airunit-257c9cb1-9ab8-4215-a642-4cd8cc622792
177,45.166666666666245,40.0,-19.68,20.0,13120.0,52.87348137786806,65.0,79.01522466691793,40.0,-19.68,59.31508837564707,20.0,6720.0,20.0,80.0,80.0,40.0,0.0,80.0,12495.238095238095,airunit-257c9cb1-9ab8-4215-a642-4cd8cc622792
178,45.08333333333291,40.0,-19.68,20.0,13120.0,52.79557989742271,65.0,79.01500420836415,40.0,-19.68,59.310458746017446,20.0,6720.0,20.0,80.0,80.0,40.0,0.0,80.0,12495.238095238095,airunit-257c9cb1-9ab8-4215-a642-4cd8cc622792
179,44.999999999999574,40.0,-19.68,20.0,13120.0,52.71762409844848,65.0,79.01478374981035,40.0,-19.68,59.30582911638782,20.0,6720.0,20.0,80.0,80.0,40.0,0.0,80.0,12495.238095238095,airunit-257c9cb1-9ab8-4215-a642-4cd8cc622792
180,44.91666666666624,40.0,-19.68,20.0,13120.0,52.63961452413066,65.0,79.01456329125656,40.0,-19.68,59.301199486758186,20.0,6720.0,20.0,80.0,80.0,40.0,0.0,80.0,12495.238095238095,airunit-257c9cb1-9ab8-4215-a642-4cd8cc622792
181,44.8333333333329,40.0,-19.68,20.0,13120.0,52.56155171222268,65.0,79.01434283270277,40.0,-19.68,59.29656985712857,20.0,6720.0,20.0,80.0,80.0,40.0,0.0,80.0,12495.238095238095,airunit-257c9cb1-9ab8-4215-a642-4cd8cc622792
182,44.74999999999957,40.0,-19.68,20.0,13120.0,52.48343619510045,65.0,79.01412237414898,40.0,-19.68,59.29194022749894,20.0,6720.0,20.0,80.0,80.0,40.0,0.0,80.0,12495.238095238095,airunit-257c9cb1-9ab8-4215-a642-4cd8cc622792
183,44.66666666666623,40.0,-19.68,20.0,13120.0,52.40526849981611,65.0,79.01390191559518,40.0,-19.68,59.287310597869315,20.0,6720.0,20.0,80.0,80.0,40.0,0.0,80.0,12495.238095238095,airunit-257c9cb1-9ab8-4215-a642-4cd8cc622792
184,44.583333333332895,40.0,-19.68,20.0,13120.0,52.327049148151275,65.0,79.0136814570414,40.0,-19.68,59.282680968239696,20.0,6720.0,20.0,80.0,80.0,40.0,0.0,80.0,12495.238095238095,airunit-257c9cb1-9ab8-4215-a642-4cd8cc622792
185,44.49999999999956,40.0,-19.68,20.0,13120.0,52.24877865666976,65.0,79.0134609984876,40.0,-19.68,59.27805133861006,20.0,6720.0,20.0,80.0,80.0,40.0,0.0,80.0,12495.238095238095,airunit-257c9cb1-9ab8-4215-a642-4cd8cc622792
186,44.416666666666224,40.0,-19.68,20.0,13120.0,52.170457536769725,65.0,79.01324053993382,40.0,-19.68,59.273421708980436,20.0,6720.0,20.0,80.0,80.0,40.0,0.0,80.0,12495.238095238095,airunit-257c9cb1-9ab8-4215-a642-4cd8cc622792
187,44.33333333333289,40.0,-19.68,20.0,13120.0,52.09208629473535,65.0,79.01302008138002,40.0,-19.68,59.26879207935081,20.0,6720.0,20.0,80.0,80.0,40.0,0.0,80.0,12495.238095238095,airunit-257c9cb1-9ab8-4215-a642-4cd8cc622792
188,44.24999999999955,40.0,-19.68,20.0,13120.0,52.01366543178799,65.0,79.01279962282622,40.0,-19.68,59.26416244972118,20.0,6720.0,20.0,80.0,80.0,40.0,0.0,80.0,12495.238095238095,airunit-257c9cb1-9ab8-4215-a642-4cd8cc622792
189,44.16666666666622,40.0,-19.68,20.0,13120.0,51.935195444136774,65.0,79.01257916427244,40.0,-19.68,59.25953282009156,20.0,6720.0,20.0,80.0,80.0,40.0,0.0,80.0,12495.238095238095,airunit-257c9cb1-9ab8-4215-a642-4cd8cc622792
190,44.08333333333288,40.0,-19.68,20.0,13120.0,51.856676823028735,65.0,79.01235870571864,40.0,-19.68,59.25490319046193,20.0,6720.0,20.0,80.0,80.0,40.0,0.0,80.0,12495.238095238095,airunit-257c9cb1-9ab8-4215-a642-4cd8cc622792
191,43.999999999999545,40.0,-19.68,20.0,13120.0,51.77811005479845,65.0,79.01213824716486,40.0,-19.68,59.250273560832305,20.0,6720.0,20.0,80.0,80.0,40.0,0.0,80.0,12495.238095238095,airunit-257c9cb1-9ab8-4215-a642-4cd8cc622792
192,43.91666666666621,40.0,-19.68,20.0,13120.0,51.699495620917126,65.0,79.01191778861106,40.0,-19.68,59.245643931202686,20.0,6720.0,20.0,80.0,80.0,40.0,0.0,80.0,12495.238095238095,airunit-257c9cb1-9ab8-4215-a642-4cd8cc622792
193,43.833333333332874,40.0,-19.68,20.0,13120.0,51.620833998041284,65.0,79.01169733005727,40.0,-19.68,59.24101430157305,20.0,6720.0,20.0,80.0,80.0,40.0,0.0,80.0,12495.238095238095,airunit-257c9cb1-9ab8-4215-a642-4cd8cc622792
194,43.74999999999954,40.0,-19.68,20.0,13120.0,51.54212565806087,65.0,79.01147687150348,40.0,-19.68,59.236384671943426,20.0,6720.0,20.0,80.0,80.0,40.0,0.0,80.0,12495.238095238095,airunit-257c9cb1-9ab8-4215-a642-4cd8cc622792
195,43.6666666666662,40.0,-19.68,20.0,13120.0,51.46337106814692,65.0,79.01125641294969,40.0,-19.68,59.2317550423138,20.0,6720.0,20.0,80.0,80.0,40.0,0.0,80.0,12495.238095238095,airunit-257c9cb1-9ab8-4215-a642-4cd8cc622792
196,43.58333333333287,40.0,-19.68,20.0,13120.0,51.38457069079878,65.0,79.0110359543959,40.0,-19.68,59.22712541268417,20.0,6720.0,20.0,80.0,80.0,40.0,0.0,80.0,12495.238095238095,airunit-257c9cb1-9ab8-4215-a642-4cd8cc622792
197,43.49999999999953,40.0,-19.68,20.0,13120.0,51.30572498389079,65.0,79.0108154958421,40.0,-19.68,59.22249578305455,20.0,6720.0,20.0,80.0,80.0,40.0,0.0,80.0,12495.238095238095,airunit-257c9cb1-9ab8-4215-a642-4cd8cc622792
198,43.416666666666195,40.0,-19.68,20.0,13120.0,51.226834400718545,65.0,79.01059503728831,40.0,-19.68,59.21786615342492,20.0,6720.0,20.0,80.0,80.0,40.0,0.0,80.0,12495.238095238095,airunit-257c9cb1-9ab8-4215-a642-4cd8cc622792
199,43.33333333333286,40.0,-19.68,20.0,13120.0,51.147899390044685,65.0,79.01037457873453,40.0,-19.68,59.213236523795295,20.0,6720.0,20.0,80.0,80.0,40.0,0.0,80.0,12495.238095238095,airunit-257c9cb1-9ab8-4215-a642-4cd8cc622792
200,43.249999999999524,40.0,-19.68,20.0,13120.0,51.068920396144236,65.0,79.01015412018073,40.0,-19.68,59.208606894165676,20.0,6720.0,20.0,80.0,80.0,40.0,0.0,80.0,12495.238095238095,airunit-257c9cb1-9ab8-4215-a642-4cd8cc622792
201,43.16666666666619,40.0,-19.68,20.0,13120.0,50.98989785884945,65.0,79.00993366162693,40.0,-19.68,59.20397726453604,20.0,6720.0,20.0,80.0,80.0,40.0,0.0,80.0,12495.238095238095,airunit-257c9cb1-9ab8-4215-a642-4cd8cc622792
202,43.08333333333285,40.0,-19.68,20.0,13120.0,50.91083221359429,65.0,79.00971320307313,40.0,-19.68,59.19934763490642,20.0,6720.0,20.0,80.0,80.0,40.0,0.0,80.0,12495.238095238095,airunit-257c9cb1-9ab8-4215-a642-4cd8cc622792
203,42.99999999999952,40.0,-19.68,20.0,13120.0,50.831723891458346,65.0,79.00949274451935,40.0,-19.68,59.19471800527679,20.0,6720.0,20.0,80.0,80.0,40.0,0.0,80.0,12495.238095238095,airunit-257c9cb1-9ab8-4215-a642-4cd8cc622792
204,42.91666666666618,40.0,-19.68,20.0,13120.0,50.75257331921043,65.0,79.00927228596555,40.0,-19.68,59.19008837564716,20.0,6720.0,20.0,80.0,80.0,40.0,0.0,80.0,12495.238095238095,airunit-257c9cb1-9ab8-4215-a642-4cd8cc622792
205,42.833333333332845,40.0,-19.68,20.0,13120.0,50.67338091935165,65.0,79.00905182741177,40.0,-19.68,59.18545874601754,20.0,6720.0,20.0,80.0,80.0,40.0,0.0,80.0,12495.238095238095,airunit-257c9cb1-9ab8-4215-a642-4cd8cc622792
206,42.74999999999951,40.0,-19.68,20.0,13120.0,50.59414711015813,65.0,79.00883136885797,40.0,-19.68,59.18082911638791,20.0,6720.0,20.0,80.0,80.0,40.0,0.0,80.0,12495.238095238095,airunit-257c9cb1-9ab8-4215-a642-4cd8cc622792
207,42.666666666666174,40.0,-19.68,20.0,13120.0,50.514872305723216,65.0,79.00861091030418,40.0,-19.68,59.176199486758286,20.0,6720.0,20.0,80.0,80.0,40.0,0.0,80.0,12495.238095238095,airunit-257c9cb1-9ab8-4215-a642-4cd8cc622792
208,42.58333333333284,40.0,-19.68,20.0,13120.0,50.435556915999314,65.0,79.00839045175039,40.0,-19.68,59.17156985712867,20.0,6720.0,20.0,80.0,80.0,40.0,0.0,80.0,12495.238095238095,airunit-257c9cb1-9ab8-4215-a642-4cd8cc622792
209,42.4999999999995,40.0,-19.68,20.0,13120.0,50.35620134683931,65.0,79.00816999319659,40.0,-19.68,59.16694022749903,20.0,6720.0,20.0,80.0,80.0,40.0,0.0,80.0,12495.238095238095,airunit-257c9cb1-9ab8-4215-a642-4cd8cc622792
210,42.41666666666617,40.0,-19.68,20.0,13120.0,50.27680600003758,65.0,79.0079495346428,40.0,-19.68,59.16231059786941,20.0,6720.0,20.0,80.0,80.0,40.0,0.0,80.0,12495.238095238095,airunit-257c9cb1-9ab8-4215-a642-4cd8cc622792
211,42.33333333333283,40.0,-19.68,20.0,13120.0,50.197371273370536,65.0,79.007729076089,40.0,-19.68,59.15768096823978,20.0,6720.0,20.0,80.0,80.0,40.0,0.0,80.0,12495.238095238095,airunit-257c9cb1-9ab8-4215-a642-4cd8cc622792
212,42.249999999999496,40.0,-19.68,20.0,13120.0,50.11789756063683,65.0,79.00750861753522,40.0,-19.68,59.15305133861015,20.0,6720.0,20.0,80.0,80.0,40.0,0.0,80.0,12495.238095238095,airunit-257c9cb1-9ab8-4215-a642-4cd8cc622792
213,42.16666666666616,40.0,-19.68,20.0,13120.0,50.03838525169712,65.0,79.00728815898142,40.0,-19.68,59.14842170898053,20.0,6720.0,20.0,80.0,80.0,40.0,0.0,80.0,12495.238095238095,airunit-257c9cb1-9ab8-4215-a642-4cd8cc622792
214,42.083333333332824,40.0,-19.68,20.0,13120.0,49.95883473251348,65.0,79.00706770042764,40.0,-19.68,59.1437920793509,20.0,6720.0,20.0,80.0,80.0,40.0,0.0,80.0,12495.238095238095,airunit-257c9cb1-9ab8-4215-a642-4cd8cc622792
215,41.99999999999949,40.0,-19.68,20.0,13120.0,49.87924638518834,65.0,79.00684724187384,40.0,-19.68,59.139162449721276,20.0,6720.0,20.0,80.0,80.0,40.0,0.0,80.0,12495.238095238095,airunit-257c9cb1-9ab8-4215-a642-4cd8cc622792
216,41.91666666666615,40.0,-19.68,20.0,13120.0,49.799620588003116,65.0,79.00662678332006,40.0,-19.68,59.13453282009166,20.0,6720.0,20.0,80.0,80.0,40.0,0.0,80.0,12495.238095238095,airunit-257c9cb1-9ab8-4215-a642-4cd8cc622792
217,41.83333333333282,40.0,-19.68,20.0,13120.0,49.71995771545641,65.0,79.00640632476626,40.0,-19.68,59.129903190462024,20.0,6720.0,20.0,80.0,80.0,40.0,0.0,80.0,12495.238095238095,airunit-257c9cb1-9ab8-4215-a642-4cd8cc622792
218,41.74999999999948,40.0,-19.68,20.0,13120.0,49.64025813830184,65.0,79.00618586621248,40.0,-19.68,59.1252735608324,20.0,6720.0,20.0,80.0,80.0,40.0,0.0,80.0,12495.238095238095,airunit-257c9cb1-9ab8-4215-a642-4cd8cc622792
219,41.666666666666146,40.0,-19.68,20.0,13120.0,49.56052222358548,65.0,79.00596540765868,40.0,-19.68,59.12064393120277,20.0,6720.0,20.0,80.0,80.0,40.0,0.0,80.0,12495.238095238095,airunit-257c9cb1-9ab8-4215-a642-4cd8cc622792
220,41.58333333333281,40.0,-19.68,20.0,13120.0,49.48075033468295,65.0,79.0057449491049,40.0,-19.68,59.11601430157314,20.0,6720.0,20.0,80.0,80.0,40.0,0.0,80.0,12495.238095238095,airunit-257c9cb1-9ab8-4215-a642-4cd8cc622792
221,41.499999999999474,40.0,-19.68,20.0,13120.0,49.40094283133612,65.0,79.0055244905511,40.0,-19.68,59.11138467194352,20.0,6720.0,20.0,80.0,80.0,40.0,0.0,80.0,12495.238095238095,airunit-257c9cb1-9ab8-4215-a642-4cd8cc622792
222,41.41666666666614,40.0,-19.68,20.0,13120.0,49.321100069689415,65.0,79.0053040319973,40.0,-19.68,59.10675504231389,20.0,6720.0,20.0,80.0,80.0,40.0,0.0,80.0,12495.238095238095,airunit-257c9cb1-9ab8-4215-a642-4cd8cc622792
223,41.3333333333328,40.0,-19.68,20.0,13120.0,49.241222402325846,65.0,79.00508357344351,40.0,-19.68,59.102125412684266,20.0,6720.0,20.0,80.0,80.0,40.0,0.0,80.0,12495.238095238095,airunit-257c9cb1-9ab8-4215-a642-4cd8cc622792
224,41.24999999999947,40.0,-19.68,20.0,13120.0,49.161310178302585,65.0,79.00486311488972,40.0,-19.68,59.09749578305465,20.0,6720.0,20.0,80.0,80.0,40.0,0.0,80.0,12495.238095238095,airunit-257c9cb1-9ab8-4215-a642-4cd8cc622792
225,41.16666666666613,40.0,-19.68,20.0,13120.0,49.08136374318622,65.0,79.00464265633593,40.0,-19.68,59.092866153425014,20.0,6720.0,20.0,80.0,80.0,40.0,0.0,80.0,12495.238095238095,airunit-257c9cb1-9ab8-4215-a642-4cd8cc622792
226,41.083333333332796,40.0,-19.68,20.0,13120.0,49.00138343908769,65.0,79.00442219778213,40.0,-19.68,59.08823652379539,20.0,6720.0,20.0,80.0,80.0,40.0,0.0,80.0,12495.238095238095,airunit-257c9cb1-9ab8-4215-a642-4cd8cc622792
227,40.99999999999946,40.0,-19.68,20.0,13120.0,48.92136960469681,65.0,79.00420173922835,40.0,-19.68,59.08360689416576,20.0,6720.0,20.0,80.0,80.0,40.0,0.0,80.0,12495.238095238095,airunit-257c9cb1-9ab8-4215-a642-4cd8cc622792
228,40.916666666666124,40.0,-19.68,20.0,13120.0,48.8413225753165,65.0,79.00398128067455,40.0,-19.68,59.07897726453613,20.0,6720.0,20.0,80.0,80.0,40.0,0.0,80.0,12495.238095238095,airunit-257c9cb1-9ab8-4215-a642-4cd8cc622792
229,40.83333333333279,40.0,-19.68,20.0,13120.0,48.76124268289666,65.0,79.00376082212077,40.0,-19.68,59.07434763490651,20.0,6720.0,20.0,80.0,80.0,40.0,0.0,80.0,12495.238095238095,airunit-257c9cb1-9ab8-4215-a642-4cd8cc622792
230,40.74999999999945,40.0,-19.68,20.0,13120.0,48.68113025606768,65.0,79.00354036356697,40.0,-19.68,59.06971800527688,20.0,6720.0,20.0,80.0,80.0,40.0,0.0,80.0,12495.238095238095,airunit-257c9cb1-9ab8-4215-a642-4cd8cc622792
231,40.66666666666612,40.0,-19.68,20.0,13120.0,48.60098562017367,65.0,79.00331990501319,40.0,-19.68,59.06508837564726,20.0,6720.0,20.0,80.0,80.0,40.0,0.0,80.0,12495.238095238095,airunit-257c9cb1-9ab8-4215-a642-4cd8cc622792
232,40.58333333333278,40.0,-19.68,20.0,13120.0,48.52080909730526,65.0,79.00309944645939,40.0,-19.68,59.06045874601764,20.0,6720.0,20.0,80.0,80.0,40.0,0.0,80.0,12495.238095238095,airunit-257c9cb1-9ab8-4215-a642-4cd8cc622792
233,40.499999999999446,40.0,-19.68,20.0,13120.0,48.4406010063322,65.0,79.00287898790559,40.0,-19.68,59.055829116388004,20.0,6720.0,20.0,80.0,80.0,40.0,0.0,80.0,12495.238095238095,airunit-257c9cb1-9ab8-4215-a642-4cd8cc622792
234,40.41666666666611,40.0,-19.68,20.0,13120.0,48.36036166293554,65.0,79.0026585293518,40.0,-19.68,59.05119948675838,20.0,6720.0,20.0,80.0,80.0,40.0,0.0,80.0,12495.238095238095,airunit-257c9cb1-9ab8-4215-a642-4cd8cc622792
235,40.333333333332774,40.0,-19.68,20.0,13120.0,48.28009137963951,65.0,79.00243807079801,40.0,-19.68,59.04656985712875,20.0,6720.0,20.0,80.0,80.0,40.0,0.0,80.0,12495.238095238095,airunit-257c9cb1-9ab8-4215-a642-4cd8cc622792
236,40.24999999999944,40.0,-19.68,20.0,13120.0,48.19979046584311,65.0,79.00221761224422,40.0,-19.68,59.04194022749912,20.0,6720.0,20.0,80.0,80.0,40.0,0.0,80.0,12495.238095238095,airunit-257c9cb1-9ab8-4215-a642-4cd8cc622792
237,40.1666666666661,40.0,-19.68,20.0,13120.0,48.11945922785134,65.0,79.00199715369043,40.0,-19.68,59.0373105978695,20.0,6720.0,20.0,80.0,80.0,40.0,0.0,80.0,12495.238095238095,airunit-257c9cb1-9ab8-4215-a642-4cd8cc622792
238,40.08333333333277,40.0,-19.68,20.0,13120.0,48.03909796890615,65.0,79.00177669513664,40.0,-19.68,59.03268096823987,20.0,6720.0,20.0,80.0,80.0,40.0,0.0,80.0,12495.238095238095,airunit-257c9cb1-9ab8-4215-a642-4cd8cc622792
239,39.99999999999943,40.0,-19.68,20.0,13120.0,47.95870698921708,65.0,79.00155623658284,40.0,-19.68,59.02805133861025,20.0,6720.0,20.0,80.0,80.0,40.0,0.0,80.0,12495.238095238095,airunit-257c9cb1-9ab8-4215-a642-4cd8cc622792
240,39.916666666666096,40.0,-19.68,20.0,13120.0,47.87828658599157,65.0,79.00133577802906,40.0,-19.68,59.02342170898063,20.0,6720.0,20.0,80.0,80.0,40.0,0.0,80.0,12495.238095238095,airunit-257c9cb1-9ab8-4215-a642-4cd8cc622792
241,39.83333333333276,40.0,-19.68,20.0,13120.0,47.79783705346498,65.0,79.00111531947526,40.0,-19.68,59.018792079350995,20.0,6720.0,20.0,80.0,80.0,40.0,0.0,80.0,12495.238095238095,airunit-257c9cb1-9ab8-4215-a642-4cd8cc622792
242,39.749999999999424,40.0,-19.68,20.0,13120.0,47.717358682930325,65.0,79.00089486092148,40.0,-19.68,59.01416244972137,20.0,6720.0,20.0,80.0,80.0,40.0,0.0,80.0,12495.238095238095,airunit-257c9cb1-9ab8-4215-a642-4cd8cc622792
243,39.66666666666609,40.0,-19.68,20.0,13120.0,47.636851762767684,65.0,79.00067440236768,40.0,-19.68,59.00953282009174,20.0,6720.0,20.0,80.0,80.0,40.0,0.0,80.0,12495.238095238095,airunit-257c9cb1-9ab8-4215-a642-4cd8cc622792
244,39.58333333333275,40.0,-19.68,20.0,13120.0,47.556316578473336,65.0,79.0004539438139,40.0,-19.68,59.00490319046211,20.0,6720.0,20.0,80.0,80.0,40.0,0.0,80.0,12495.238095238095,airunit-257c9cb1-9ab8-4215-a642-4cd8cc622792
245,39.49999999999942,40.0,-19.68,20.0,13120.0,47.4757534126886,65.0,79.0002334852601,40.0,-19.68,59.00027356083249,20.0,6720.0,20.0,80.0,80.0,40.0,0.0,80.0,12495.238095238095,airunit-257c9cb1-9ab8-4215-a642-4cd8cc622792
246,39.41666666666608,40.0,-19.68,20.0,13120.0,47.395162545228374,65.0,79.0000130267063,40.0,-19.68,58.99564393120286,20.0,6720.0,20.0,80.0,80.0,40.0,0.0,80.0,12495.238095238095,airunit-257c9cb1-9ab8-4215-a642-4cd8cc622792
247,39.333333333332746,40.0,-19.68,20.0,13120.0,47.31454425310942,65.0,78.99979256815251,40.0,-19.68,58.99101430157324,20.0,6720.0,20.0,80.0,80.0,40.0,0.0,80.0,12495.238095238095,airunit-257c9cb1-9ab8-4215-a642-4cd8cc622792
248,39.24999999999941,40.0,-19.68,20.0,13120.0,47.23389881057832,65.0,78.99957210959872,40.0,-19.68,58.98638467194362,20.0,6720.0,20.0,80.0,80.0,40.0,0.0,80.0,12495.238095238095,airunit-257c9cb1-9ab8-4215-a642-4cd8cc622792
249,39.166666666666075,40.0,-19.68,20.0,13120.0,47.15322648913919,65.0,78.99935165104493,40.0,-19.68,58.981755042313985,20.0,6720.0,20.0,80.0,80.0,40.0,0.0,80.0,12495.238095238095,airunit-257c9cb1-9ab8-4215-a642-4cd8cc622792
250,39.08333333333274,40.0,-19.68,20.0,13120.0,47.072527557581125,65.0,78.99913119249113,40.0,-19.68,58.97712541268436,20.0,6720.0,20.0,80.0,80.0,40.0,0.0,80.0,12495.238095238095,airunit-257c9cb1-9ab8-4215-a642-4cd8cc622792
251,38.9999999999994,40.0,-19.68,20.0,13120.0,46.99180228200531,65.0,78.99891073393735,40.0,-19.68,58.97249578305473,20.0,6720.0,20.0,80.0,80.0,40.0,0.0,80.0,12495.238095238095,airunit-257c9cb1-9ab8-4215-a642-4cd8cc622792
252,38.91666666666607,40.0,-19.68,20.0,13120.0,46.91105092585192,65.0,78.99869027538355,40.0,-19.68,58.9678661534251,20.0,6720.0,20.0,80.0,80.0,40.0,0.0,80.0,12495.238095238095,airunit-257c9cb1-9ab8-4215-a642-4cd8cc622792
253,38.83333333333273,40.0,-19.68,20.0,13120.0,46.830273749926725,65.0,78.99846981682977,40.0,-19.68,58.96323652379548,20.0,6720.0,20.0,80.0,80.0,40.0,0.0,80.0,12495.238095238095,airunit-257c9cb1-9ab8-4215-a642-4cd8cc622792
254,38.749999999999396,40.0,-19.68,20.0,13120.0,46.74947101242745,65.0,78.99824935827597,40.0,-19.68,58.958606894165854,20.0,6720.0,20.0,80.0,80.0,40.0,0.0,80.0,12495.238095238095,airunit-257c9cb1-9ab8-4215-a642-4cd8cc622792
255,38.66666666666606,40.0,-19.68,20.0,13120.0,46.668642968969834,65.0,78.99802889972219,40.0,-19.68,58.95397726453623,20.0,6720.0,20.0,80.0,80.0,40.0,0.0,80.0,12495.238095238095,airunit-257c9cb1-9ab8-4215-a642-4cd8cc622792
256,38.583333333332725,40.0,-19.68,20.0,13120.0,46.58778987261346,65.0,78.99780844116839,40.0,-19.68,58.94934763490661,20.0,6720.0,20.0,80.0,80.0,40.0,0.0,80.0,12495.238095238095,airunit-257c9cb1-9ab8-4215-a642-4cd8cc622792
257,38.49999999999939,40.0,-19.68,20.0,13120.0,46.50691197388732,65.0,78.99758798261459,40.0,-19.68,58.944718005276975,20.0,6720.0,20.0,80.0,80.0,40.0,0.0,80.0,12495.238095238095,airunit-257c9cb1-9ab8-4215-a642-4cd8cc622792
258,38.41666666666605,40.0,-19.68,20.0,13120.0,46.42600952081511,65.0,78.9973675240608,40.0,-19.68,58.94008837564735,20.0,6720.0,20.0,80.0,80.0,40.0,0.0,80.0,12495.238095238095,airunit-257c9cb1-9ab8-4215-a642-4cd8cc622792
259,38.33333333333272,40.0,-19.68,20.0,13120.0,46.345082758940286,65.0,78.99714706550701,40.0,-19.68,58.93545874601772,20.0,6720.0,20.0,80.0,80.0,40.0,0.0,80.0,12495.238095238095,airunit-257c9cb1-9ab8-4215-a642-4cd8cc622792
260,38.24999999999938,40.0,-19.68,20.0,13120.0,46.264131931350875,65.0,78.99692660695322,40.0,-19.68,58.93082911638809,20.0,6720.0,20.0,80.0,80.0,40.0,0.0,80.0,12495.238095238095,airunit-257c9cb1-9ab8-4215-a642-4cd8cc622792
261,38.166666666666046,40.0,-19.68,20.0,13120.0,46.18315727870402,65.0,78.99670614839943,40.0,-19.68,58.92619948675847,20.0,6720.0,20.0,80.0,80.0,40.0,0.0,80.0,12495.238095238095,airunit-257c9cb1-9ab8-4215-a642-4cd8cc622792
262,38.08333333333271,40.0,-19.68,20.0,13120.0,46.10215903925031,65.0,78.99648568984564,40.0,-19.68,58.921569857128844,20.0,6720.0,20.0,80.0,80.0,40.0,0.0,80.0,12495.238095238095,airunit-257c9cb1-9ab8-4215-a642-4cd8cc622792
263,37.999999999999375,40.0,-19.68,20.0,13120.0,46.0211374488578,65.0,78.99626523129184,40.0,-19.68,58.91694022749922,20.0,6720.0,20.0,80.0,80.0,40.0,0.0,80.0,12495.238095238095,airunit-257c9cb1-9ab8-4215-a642-4cd8cc622792
264,37.91666666666604,40.0,-19.68,20.0,13120.0,45.94009274103588,65.0,78.99604477273806,40.0,-19.68,58.9123105978696,20.0,6720.0,20.0,80.0,80.0,40.0,0.0,80.0,12495.238095238095,airunit-257c9cb1-9ab8-4215-a642-4cd8cc622792
265,37.8333333333327,40.0,-19.68,20.0,13120.0,45.85902514695885,65.0,78.99582431418426,40.0,-19.68,58.907680968239966,20.0,6720.0,20.0,80.0,80.0,40.0,0.0,80.0,12495.238095238095,airunit-257c9cb1-9ab8-4215-a642-4cd8cc622792
266,37.74999999999937,40.0,-19.68,20.0,13120.0,45.77793489548925,65.0,78.99560385563048,40.0,-19.68,58.90305133861034,20.0,6720.0,20.0,80.0,80.0,40.0,0.0,80.0,12495.238095238095,airunit-257c9cb1-9ab8-4215-a642-4cd8cc622792
267,37.66666666666603,40.0,-19.68,20.0,13120.0,45.69682221320102,65.0,78.99538339707668,40.0,-19.68,58.89842170898071,20.0,6720.0,20.0,80.0,80.0,40.0,0.0,80.0,12495.238095238095,airunit-257c9cb1-9ab8-4215-a642-4cd8cc622792
268,37.583333333332696,40.0,-19.68,20.0,13120.0,45.61568732440233,65.0,78.9951629385229,40.0,-19.68,58.89379207935108,20.0,6720.0,20.0,80.0,80.0,40.0,0.0,80.0,12495.238095238095,airunit-257c9cb1-9ab8-4215-a642-4cd8cc622792
269,37.49999999999936,40.0,-19.68,20.0,13120.0,45.534530451158304,65.0,78.9949424799691,40.0,-19.68,58.88916244972146,20.0,6720.0,20.0,80.0,80.0,40.0,0.0,80.0,12495.238095238095,airunit-257c9cb1-9ab8-4215-a642-4cd8cc622792
270,37.416666666666025,40.0,-19.68,20.0,13120.0,45.45335181331338,65.0,78.9947220214153,40.0,-19.68,58.884532820091835,20.0,6720.0,20.0,80.0,80.0,40.0,0.0,80.0,12495.238095238095,airunit-257c9cb1-9ab8-4215-a642-4cd8cc622792
271,37.33333333333269,40.0,-19.68,20.0,13120.0,45.37215162851358,65.0,78.99450156286152,40.0,-19.68,58.87990319046221,20.0,6720.0,20.0,80.0,80.0,40.0,0.0,80.0,12495.238095238095,airunit-257c9cb1-9ab8-4215-a642-4cd8cc622792
272,37.24999999999935,40.0,-19.68,20.0,13120.0,45.29093011222844,65.0,78.99428110430772,40.0,-19.68,58.87527356083259,20.0,6720.0,20.0,80.0,80.0,40.0,0.0,80.0,12495.238095238095,airunit-257c9cb1-9ab8-4215-a642-4cd8cc622792
273,37.16666666666602,40.0,-19.68,20.0,13120.0,45.20968747777281,65.0,78.99406064575393,40.0,-19.68,58.870643931202956,20.0,6720.0,20.0,80.0,80.0,40.0,0.0,80.0,12495.238095238095,airunit-257c9cb1-9ab8-4215-a642-4cd8cc622792
274,37.08333333333268,40.0,-19.68,20.0,13120.0,45.12842393632841,65.0,78.99384018720014,40.0,-19.68,58.86601430157333,20.0,6720.0,20.0,80.0,80.0,40.0,0.0,80.0,12495.238095238095,airunit-257c9cb1-9ab8-4215-a642-4cd8cc622792
275,36.999999999999346,40.0,-19.68,20.0,13120.0,45.04713969696512,65.0,78.99361972864635,40.0,-19.68,58.8613846719437,20.0,6720.0,20.0,80.0,80.0,40.0,0.0,80.0,12495.238095238095,airunit-257c9cb1-9ab8-4215-a642-4cd8cc622792
276,36.91666666666601,40.0,-19.68,20.0,13120.0,44.96583496666213,65.0,78.99339927009255,40.0,-19.68,58.85675504231407,20.0,6720.0,20.0,80.0,80.0,40.0,0.0,80.0,12495.238095238095,airunit-257c9cb1-9ab8-4215-a642-4cd8cc622792
277,36.833333333332675,40.0,-19.68,20.0,13120.0,44.884509950328834,65.0,78.99317881153877,40.0,-19.68,58.85212541268445,20.0,6720.0,20.0,80.0,80.0,40.0,0.0,80.0,12495.238095238095,airunit-257c9cb1-9ab8-4215-a642-4cd8cc622792
278,36.74999999999934,40.0,-19.68,20.0,13120.0,44.80316485082554,65.0,78.99295835298497,40.0,-19.68,58.847495783054825,20.0,6720.0,20.0,80.0,80.0,40.0,0.0,80.0,12495.238095238095,airunit-257c9cb1-9ab8-4215-a642-4cd8cc622792
279,36.666666666666,40.0,-19.68,20.0,13120.0,44.72179986898394,65.0,78.99273789443119,40.0,-19.68,58.8428661534252,20.0,6720.0,20.0,80.0,80.0,40.0,0.0,80.0,12495.238095238095,airunit-257c9cb1-9ab8-4215-a642-4cd8cc622792
280,36.58333333333267,40.0,-19.68,20.0,13120.0,44.640415203627434,65.0,78.99251743587739,40.0,-19.68,58.83823652379558,20.0,6720.0,20.0,80.0,80.0,40.0,0.0,80.0,12495.238095238095,airunit-257c9cb1-9ab8-4215-a642-4cd8cc622792
281,36.49999999999933,40.0,-19.68,20.0,13120.0,44.559011051591156,65.0,78.99229697732359,40.0,-19.68,58.833606894165946,20.0,6720.0,20.0,80.0,80.0,40.0,0.0,80.0,12495.238095238095,airunit-257c9cb1-9ab8-4215-a642-4cd8cc622792
282,36.416666666665996,40.0,-19.68,20.0,13120.0,44.4775876077419,65.0,78.9920765187698,40.0,-19.68,58.82897726453632,20.0,6720.0,20.0,80.0,80.0,40.0,0.0,80.0,12495.238095238095,airunit-257c9cb1-9ab8-4215-a642-4cd8cc622792
283,36.33333333333266,40.0,-19.68,20.0,13120.0,44.39614506499781,65.0,78.99185606021601,40.0,-19.68,58.824347634906694,20.0,6720.0,20.0,80.0,80.0,40.0,0.0,80.0,12495.238095238095,airunit-257c9cb1-9ab8-4215-a642-4cd8cc622792
284,36.249999999999325,40.0,-19.68,20.0,13120.0,44.31468361434783,65.0,78.99163560166222,40.0,-19.68,58.81971800527706,20.0,6720.0,20.0,80.0,80.0,40.0,0.0,80.0,12495.238095238095,airunit-257c9cb1-9ab8-4215-a642-4cd8cc622792
285,36.16666666666599,40.0,-19.68,20.0,13120.0,44.23320344487101,65.0,78.99141514310843,40.0,-19.68,58.81508837564744,20.0,6720.0,20.0,80.0,80.0,40.0,0.0,80.0,12495.238095238095,airunit-257c9cb1-9ab8-4215-a642-4cd8cc622792
286,36.083333333332654,40.0,-19.68,20.0,13120.0,44.15170474375562,65.0,78.99119468455464,40.0,-19.68,58.810458746017815,20.0,6720.0,20.0,80.0,80.0,40.0,0.0,80.0,12495.238095238095,airunit-257c9cb1-9ab8-4215-a642-4cd8cc622792
287,35.99999999999932,40.0,-19.68,20.0,13120.0,44.07018769631806,65.0,78.99097422600084,40.0,-19.68,58.80582911638819,20.0,6720.0,20.0,80.0,80.0,40.0,0.0,80.0,12495.238095238095,airunit-257c9cb1-9ab8-4215-a642-4cd8cc622792
288,35.91666666666598,40.0,-19.68,20.0,13120.0,43.988652486021536,65.0,78.99075376744706,40.0,-19.68,58.80119948675857,20.0,6720.0,20.0,80.0,80.0,40.0,0.0,80.0,12495.238095238095,airunit-257c9cb1-9ab8-4215-a642-4cd8cc622792
289,35.83333333333265,40.0,-19.68,20.0,13120.0,43.90709929449465,65.0,78.99053330889326,40.0,-19.68,58.79656985712894,20.0,6720.0,20.0,80.0,80.0,40.0,0.0,80.0,12495.238095238095,airunit-257c9cb1-9ab8-4215-a642-4cd8cc622792
290,35.74999999999931,40.0,-19.68,20.0,13120.0,43.825528301549696,65.0,78.99031285033948,40.0,-19.68,58.79194022749931,20.0,6720.0,20.0,80.0,80.0,40.0,0.0,80.0,12495.238095238095,airunit-257c9cb1-9ab8-4215-a642-4cd8cc622792
291,35.666666666665975,40.0,-19.68,20.0,13120.0,43.74393968520086,65.0,78.99009239178568,40.0,-19.68,58.787310597869684,20.0,6720.0,20.0,80.0,80.0,40.0,0.0,80.0,12495.238095238095,airunit-257c9cb1-9ab8-4215-a642-4cd8cc622792
292,35.58333333333264,40.0,-19.68,20.0,13120.0,43.66233362168217,65.0,78.9898719332319,40.0,-19.68,58.78268096824005,20.0,6720.0,20.0,80.0,80.0,40.0,0.0,80.0,12495.238095238095,airunit-257c9cb1-9ab8-4215-a642-4cd8cc622792
293,35.499999999999304,40.0,-19.68,20.0,13120.0,43.580710285465344,65.0,78.98965147467808,40.0,-19.68,58.77805133861043,20.0,6720.0,20.0,80.0,80.0,40.0,0.0,80.0,12495.238095238095,airunit-257c9cb1-9ab8-4215-a642-4cd8cc622792
294,35.41666666666597,40.0,-19.68,20.0,13120.0,43.49906984927735,65.0,78.9894310161243,40.0,-19.68,58.773421708980806,20.0,6720.0,20.0,80.0,80.0,40.0,0.0,80.0,12495.238095238095,airunit-257c9cb1-9ab8-4215-a642-4cd8cc622792
295,35.33333333333263,40.0,-19.68,20.0,13120.0,43.417412484117904,65.0,78.98921055757052,40.0,-19.68,58.76879207935118,20.0,6720.0,20.0,80.0,80.0,40.0,0.0,80.0,12495.238095238095,airunit-257c9cb1-9ab8-4215-a642-4cd8cc622792
296,35.2499999999993,40.0,-19.68,20.0,13120.0,43.33573835927672,65.0,78.98899009901672,40.0,-19.68,58.76416244972156,20.0,6720.0,20.0,80.0,80.0,40.0,0.0,80.0,12495.238095238095,airunit-257c9cb1-9ab8-4215-a642-4cd8cc622792
297,35.16666666666596,40.0,-19.68,20.0,13120.0,43.25404764235061,65.0,78.98876964046293,40.0,-19.68,58.75953282009193,20.0,6720.0,20.0,80.0,80.0,40.0,0.0,80.0,12495.238095238095,airunit-257c9cb1-9ab8-4215-a642-4cd8cc622792
298,35.083333333332625,40.0,-19.68,20.0,13120.0,43.172340499260436,65.0,78.98854918190914,40.0,-19.68,58.7549031904623,20.0,6720.0,20.0,80.0,80.0,40.0,0.0,80.0,12495.238095238095,airunit-257c9cb1-9ab8-4215-a642-4cd8cc622792
299,34.99999999999929,40.0,-19.68,20.0,13120.0,43.09061709426783,65.0,78.98832872335534,40.0,-19.68,58.750273560832674,20.0,6720.0,20.0,80.0,80.0,40.0,0.0,80.0,12495.238095238095,airunit-257c9cb1-9ab8-4215-a642-4cd8cc622792
300,34.916666666665954,40.0,-19.68,20.0,13120.0,43.00887758999181,65.0,78.98810826480155,40.0,-19.68,58.74564393120304,20.0,6720.0,20.0,80.0,80.0,40.0,0.0,80.0,12495.238095238095,airunit-257c9cb1-9ab8-4215-a642-4cd8cc622792
301,34.83333333333262,40.0,-19.68,20.0,13120.0,42.92712214742522,65.0,78.98788780624776,40.0,-19.68,58.74101430157342,20.0,6720.0,20.0,80.0,80.0,40.0,0.0,80.0,12495.238095238095,airunit-257c9cb1-9ab8-4215-a642-4cd8cc622792
302,34.74999999999928,40.0,-19.68,20.0,13120.0,42.84535092595096,65.0,78.98766734769396,40.0,-19.68,58.736384671943796,20.0,6720.0,20.0,80.0,80.0,40.0,0.0,80.0,12495.238095238095,airunit-257c9cb1-9ab8-4215-a642-4cd8cc622792
303,34.66666666666595,40.0,-19.68,20.0,13120.0,42.76356408335811,65.0,78.98744688914017,40.0,-19.68,58.73175504231417,20.0,6720.0,20.0,80.0,80.0,40.0,0.0,80.0,12495.238095238095,airunit-257c9cb1-9ab8-4215-a642-4cd8cc622792
304,34.58333333333261,40.0,-19.68,20.0,13120.0,42.68176177585786,65.0,78.98722643058638,40.0,-19.68,58.72712541268455,20.0,6720.0,20.0,80.0,80.0,40.0,0.0,80.0,12495.238095238095,airunit-257c9cb1-9ab8-4215-a642-4cd8cc622792
305,34.499999999999275,40.0,-19.68,20.0,13120.0,42.59994415809927,65.0,78.98700597203259,40.0,-19.68,58.72249578305492,20.0,6720.0,20.0,80.0,80.0,40.0,0.0,80.0,12495.238095238095,airunit-257c9cb1-9ab8-4215-a642-4cd8cc622792
306,34.41666666666594,40.0,-19.68,20.0,13120.0,42.51811138318494,65.0,78.9867855134788,40.0,-19.68,58.71786615342529,20.0,6720.0,20.0,80.0,80.0,40.0,0.0,80.0,12495.238095238095,airunit-257c9cb1-9ab8-4215-a642-4cd8cc622792
307,34.333333333332604,40.0,-19.68,20.0,13120.0,42.43626360268642,65.0,78.98656505492501,40.0,-19.68,58.713236523795665,20.0,6720.0,20.0,80.0,80.0,40.0,0.0,80.0,12495.238095238095,airunit-257c9cb1-9ab8-4215-a642-4cd8cc622792
308,34.24999999999927,40.0,-19.68,20.0,13120.0,42.35440096665955,65.0,78.98634459637121,40.0,-19.68,58.70860689416603,20.0,6720.0,20.0,80.0,80.0,40.0,0.0,80.0,12495.238095238095,airunit-257c9cb1-9ab8-4215-a642-4cd8cc622792
309,34.16666666666593,40.0,-19.68,20.0,13120.0,42.27252362365961,65.0,78.98612413781743,40.0,-19.68,58.70397726453641,20.0,6720.0,20.0,80.0,80.0,40.0,0.0,80.0,12495.238095238095,airunit-257c9cb1-9ab8-4215-a642-4cd8cc622792
310,34.0833333333326,40.0,-19.68,20.0,13120.0,42.190631720756336,65.0,78.98590367926363,40.0,-19.68,58.699347634906786,20.0,6720.0,20.0,80.0,80.0,40.0,0.0,80.0,12495.238095238095,airunit-257c9cb1-9ab8-4215-a642-4cd8cc622792
311,33.99999999999926,40.0,-19.68,20.0,13120.0,42.10872540354877,65.0,78.98568322070984,40.0,-19.68,58.69471800527716,20.0,6720.0,20.0,80.0,80.0,40.0,0.0,80.0,12495.238095238095,airunit-257c9cb1-9ab8-4215-a642-4cd8cc622792
312,33.916666666665925,40.0,-19.68,20.0,13120.0,42.02680481617994,65.0,78.98546276215605,40.0,-19.68,58.69008837564754,20.0,6720.0,20.0,80.0,80.0,40.0,0.0,80.0,12495.238095238095,airunit-257c9cb1-9ab8-4215-a642-4cd8cc622792
313,33.83333333333259,40.0,-19.68,20.0,13120.0,41.94487010135147,65.0,78.98524230360226,40.0,-19.68,58.68545874601791,20.0,6720.0,20.0,80.0,80.0,40.0,0.0,80.0,12495.238095238095,airunit-257c9cb1-9ab8-4215-a642-4cd8cc622792
314,33.749999999999254,40.0,-19.68,20.0,13120.0,41.862921400337946,65.0,78.98502184504846,40.0,-19.68,58.68082911638828,20.0,6720.0,20.0,80.0,80.0,40.0,0.0,80.0,12495.238095238095,airunit-257c9cb1-9ab8-4215-a642-4cd8cc622792
315,33.66666666666592,40.0,-19.68,20.0,13120.0,41.78095885300122,65.0,78.98480138649467,40.0,-19.68,58.676199486758655,20.0,6720.0,20.0,80.0,80.0,40.0,0.0,80.0,12495.238095238095,airunit-257c9cb1-9ab8-4215-a642-4cd8cc622792
316,33.58333333333258,40.0,-19.68,20.0,13120.0,41.69898259780454,65.0,78.98458092794088,40.0,-19.68,58.67156985712902,20.0,6720.0,20.0,80.0,80.0,40.0,0.0,80.0,12495.238095238095,airunit-257c9cb1-9ab8-4215-a642-4cd8cc622792
317,33.49999999999925,40.0,-19.68,20.0,13120.0,41.61699277182648,65.0,78.98436046938708,40.0,-19.68,58.6669402274994,20.0,6720.0,20.0,80.0,80.0,40.0,0.0,80.0,12495.238095238095,airunit-257c9cb1-9ab8-4215-a642-4cd8cc622792
318,33.41666666666591,40.0,-19.68,20.0,13120.0,41.53498951077488,65.0,78.9841400108333,40.0,-19.68,58.66231059786978,20.0,6720.0,20.0,80.0,80.0,40.0,0.0,80.0,12495.238095238095,airunit-257c9cb1-9ab8-4215-a642-4cd8cc622792
319,33.333333333332575,40.0,-19.68,20.0,13120.0,41.452972949000454,65.0,78.9839195522795,40.0,-19.68,58.65768096824015,20.0,6720.0,20.0,80.0,80.0,40.0,0.0,80.0,12495.238095238095,airunit-257c9cb1-9ab8-4215-a642-4cd8cc622792
320,33.24999999999924,40.0,-19.68,20.0,13120.0,41.370943219510444,65.0,78.98369909372572,40.0,-19.68,58.65305133861053,20.0,6720.0,20.0,80.0,80.0,40.0,0.0,80.0,12495.238095238095,airunit-257c9cb1-9ab8-4215-a642-4cd8cc622792
321,33.166666666665904,40.0,-19.68,20.0,13120.0,41.288900453982,65.0,78.98347863517192,40.0,-19.68,58.6484217089809,20.0,6720.0,20.0,80.0,80.0,40.0,0.0,80.0,12495.238095238095,airunit-257c9cb1-9ab8-4215-a642-4cd8cc622792
322,33.08333333333257,40.0,-19.68,20.0,13120.0,41.206844782775505,65.0,78.98325817661814,40.0,-19.68,58.64379207935127,20.0,6720.0,20.0,80.0,80.0,40.0,0.0,80.0,12495.238095238095,airunit-257c9cb1-9ab8-4215-a642-4cd8cc622792
323,32.99999999999923,40.0,-19.68,20.0,13120.0,41.12477633494774,65.0,78.98303771806434,40.0,-19.68,58.639162449721645,20.0,6720.0,20.0,80.0,80.0,40.0,0.0,80.0,12495.238095238095,airunit-257c9cb1-9ab8-4215-a642-4cd8cc622792
324,32.9166666666659,40.0,-19.68,20.0,13120.0,41.04269523826492,65.0,78.98281725951055,40.0,-19.68,58.63453282009201,20.0,6720.0,20.0,80.0,80.0,40.0,0.0,80.0,12495.238095238095,airunit-257c9cb1-9ab8-4215-a642-4cd8cc622792
325,32.83333333333256,40.0,-19.68,20.0,13120.0,40.960601619215595,65.0,78.98259680095676,40.0,-19.68,58.62990319046239,20.0,6720.0,20.0,80.0,80.0,40.0,0.0,80.0,12495.238095238095,airunit-257c9cb1-9ab8-4215-a642-4cd8cc622792
326,32.749999999999226,40.0,-19.68,20.0,13120.0,40.87849560302343,65.0,78.98237634240296,40.0,-19.68,58.62527356083277,20.0,6720.0,20.0,80.0,80.0,40.0,0.0,80.0,12495.238095238095,airunit-257c9cb1-9ab8-4215-a642-4cd8cc622792
327,32.66666666666589,40.0,-19.68,20.0,13120.0,40.79637731365985,65.0,78.98215588384917,40.0,-19.68,58.62064393120314,20.0,6720.0,20.0,80.0,80.0,40.0,0.0,80.0,12495.238095238095,airunit-257c9cb1-9ab8-4215-a642-4cd8cc622792
328,32.583333333332554,40.0,-19.68,20.0,13120.0,40.71424687385658,65.0,78.98193542529538,40.0,-19.68,58.61601430157352,20.0,6720.0,20.0,80.0,80.0,40.0,0.0,80.0,12495.238095238095,airunit-257c9cb1-9ab8-4215-a642-4cd8cc622792
329,32.49999999999922,40.0,-19.68,20.0,13120.0,40.63210440511801,65.0,78.98171496674159,40.0,-19.68,58.61138467194389,20.0,6720.0,20.0,80.0,80.0,40.0,0.0,80.0,12495.238095238095,airunit-257c9cb1-9ab8-4215-a642-4cd8cc622792
330,32.41666666666588,40.0,-19.68,20.0,13120.0,40.54995002773349,65.0,78.9814945081878,40.0,-19.68,58.60675504231426,20.0,6720.0,20.0,80.0,80.0,40.0,0.0,80.0,12495.238095238095,airunit-257c9cb1-9ab8-4215-a642-4cd8cc622792
331,32.33333333333255,40.0,-19.68,20.0,13120.0,40.46778386078948,65.0,78.98127404963401,40.0,-19.68,58.602125412684636,20.0,6720.0,20.0,80.0,80.0,40.0,0.0,80.0,12495.238095238095,airunit-257c9cb1-9ab8-4215-a642-4cd8cc622792
332,32.24999999999921,40.0,-19.68,20.0,13120.0,40.38560602218158,65.0,78.98105359108021,40.0,-19.68,58.597495783055,20.0,6720.0,20.0,80.0,80.0,40.0,0.0,80.0,12495.238095238095,airunit-257c9cb1-9ab8-4215-a642-4cd8cc622792
333,32.166666666665876,40.0,-19.68,20.0,13120.0,40.30341662862642,65.0,78.98083313252643,40.0,-19.68,58.59286615342538,20.0,6720.0,20.0,80.0,80.0,40.0,0.0,80.0,12495.238095238095,airunit-257c9cb1-9ab8-4215-a642-4cd8cc622792
334,32.08333333333254,40.0,-19.68,20.0,13120.0,40.22121579567349,65.0,78.98061267397263,40.0,-19.68,58.58823652379576,20.0,6720.0,20.0,80.0,80.0,40.0,0.0,80.0,12495.238095238095,airunit-257c9cb1-9ab8-4215-a642-4cd8cc622792
335,31.999999999999208,40.0,-19.68,20.0,13120.0,40.13900363771675,65.0,78.98039221541885,40.0,-19.68,58.58360689416613,20.0,6720.0,20.0,80.0,80.0,40.0,0.0,80.0,12495.238095238095,airunit-257c9cb1-9ab8-4215-a642-4cd8cc622792
336,31.916666666665876,40.0,-19.68,20.0,13120.0,40.056780268006236,65.0,78.98017175686505,40.0,-19.68,58.57897726453651,20.0,6720.0,20.0,80.0,80.0,40.0,0.0,80.0,12495.238095238095,airunit-257c9cb1-9ab8-4215-a642-4cd8cc622792
337,31.833333333332543,40.0,-19.68,20.0,13120.0,39.9745457986595,65.0,78.97995129831126,40.0,-19.68,58.57434763490688,20.0,6720.0,20.0,80.0,80.0,40.0,0.0,80.0,12495.238095238095,airunit-257c9cb1-9ab8-4215-a642-4cd8cc622792
338,31.74999999999921,40.0,-19.68,20.0,13120.0,39.8923003406729,65.0,78.97973083975747,40.0,-19.68,58.56971800527725,20.0,6720.0,20.0,80.0,80.0,40.0,0.0,80.0,12495.238095238095,airunit-257c9cb1-9ab8-4215-a642-4cd8cc622792
339,31.66666666666588,40.0,-19.68,20.0,13120.0,39.81004400393282,65.0,78.97951038120367,40.0,-19.68,58.565088375647626,20.0,6720.0,20.0,80.0,80.0,40.0,0.0,80.0,12495.238095238095,airunit-257c9cb1-9ab8-4215-a642-4cd8cc622792
340,31.583333333332547,40.0,-19.68,20.0,13120.0,39.72777689722682,65.0,78.97928992264988,40.0,-19.68,58.56045874601799,20.0,6720.0,20.0,80.0,80.0,40.0,0.0,80.0,12495.238095238095,airunit-257c9cb1-9ab8-4215-a642-4cd8cc622792
341,31.499999999999215,40.0,-19.68,20.0,13120.0,39.64549912825454,65.0,78.97906946409609,40.0,-19.68,58.555829116388374,20.0,6720.0,20.0,80.0,80.0,40.0,0.0,80.0,12495.238095238095,airunit-257c9cb1-9ab8-4215-a642-4cd8cc622792
342,31.416666666665883,40.0,-19.68,20.0,13120.0,39.563210803638654,65.0,78.9788490055423,40.0,-19.68,58.55119948675875,20.0,6720.0,20.0,80.0,80.0,40.0,0.0,80.0,12495.238095238095,airunit-257c9cb1-9ab8-4215-a642-4cd8cc622792
343,31.33333333333255,40.0,-19.68,20.0,13120.0,39.48091202893559,65.0,78.9786285469885,40.0,-19.68,58.54656985712912,20.0,6720.0,20.0,80.0,80.0,40.0,0.0,80.0,12495.238095238095,airunit-257c9cb1-9ab8-4215-a642-4cd8cc622792
344,31.24999999999922,40.0,-19.68,20.0,13120.0,39.398602908646225,65.0,78.97840808843472,40.0,-19.68,58.5419402274995,20.0,6720.0,20.0,80.0,80.0,40.0,0.0,80.0,12495.238095238095,airunit-257c9cb1-9ab8-4215-a642-4cd8cc622792
345,31.166666666665886,40.0,-19.68,20.0,13120.0,39.31628354622642,65.0,78.97818762988092,40.0,-19.68,58.53731059786987,20.0,6720.0,20.0,80.0,80.0,40.0,0.0,80.0,12495.238095238095,airunit-257c9cb1-9ab8-4215-a642-4cd8cc622792
346,31.083333333332554,40.0,-19.68,20.0,13120.0,39.23395404409749,65.0,78.97796717132714,40.0,-19.68,58.53268096824024,20.0,6720.0,20.0,80.0,80.0,40.0,0.0,80.0,12495.238095238095,airunit-257c9cb1-9ab8-4215-a642-4cd8cc622792
347,30.999999999999222,40.0,-19.68,20.0,13120.0,39.1516145036565,65.0,78.97774671277334,40.0,-19.68,58.52805133861062,20.0,6720.0,20.0,80.0,80.0,40.0,0.0,80.0,12495.238095238095,airunit-257c9cb1-9ab8-4215-a642-4cd8cc622792
348,30.91666666666589,40.0,-19.68,20.0,13120.0,39.0692650252866,65.0,78.97752625421955,40.0,-19.68,58.52342170898098,20.0,6720.0,20.0,80.0,80.0,40.0,0.0,80.0,12495.238095238095,airunit-257c9cb1-9ab8-4215-a642-4cd8cc622792
349,30.833333333332558,40.0,-19.68,20.0,13120.0,38.986905708367054,65.0,78.97730579566576,40.0,-19.68,58.518792079351364,20.0,6720.0,20.0,80.0,80.0,40.0,0.0,80.0,12495.238095238095,airunit-257c9cb1-9ab8-4215-a642-4cd8cc622792
350,30.749999999999226,40.0,-19.68,20.0,13120.0,38.90453665128337,65.0,78.97708533711196,40.0,-19.68,58.51416244972174,20.0,6720.0,20.0,80.0,80.0,40.0,0.0,80.0,12495.238095238095,airunit-257c9cb1-9ab8-4215-a642-4cd8cc622792
351,30.666666666665893,40.0,-19.68,20.0,13120.0,38.8221579514372,65.0,78.97686487855817,40.0,-19.68,58.50953282009211,20.0,6720.0,20.0,80.0,80.0,40.0,0.0,80.0,12495.238095238095,airunit-257c9cb1-9ab8-4215-a642-4cd8cc622792
352,30.58333333333256,40.0,-19.68,20.0,13120.0,38.73976970525615,65.0,78.97664442000438,40.0,-19.68,58.50490319046249,20.0,6720.0,20.0,80.0,80.0,40.0,0.0,80.0,12495.238095238095,airunit-257c9cb1-9ab8-4215-a642-4cd8cc622792
353,30.49999999999923,40.0,-19.68,20.0,13120.0,38.65737200820358,65.0,78.97642396145059,40.0,-19.68,58.50027356083286,20.0,6720.0,20.0,80.0,80.0,40.0,0.0,80.0,12495.238095238095,airunit-257c9cb1-9ab8-4215-a642-4cd8cc622792
354,30.416666666665897,40.0,-19.68,20.0,13120.0,38.57496495478821,65.0,78.9762035028968,40.0,-19.68,58.49564393120323,20.0,6720.0,20.0,80.0,80.0,40.0,0.0,80.0,12495.238095238095,airunit-257c9cb1-9ab8-4215-a642-4cd8cc622792
355,30.333333333332565,40.0,-19.68,20.0,13120.0,38.49254863857365,65.0,78.97598304434301,40.0,-19.68,58.49101430157361,20.0,6720.0,20.0,80.0,80.0,40.0,0.0,80.0,12495.238095238095,airunit-257c9cb1-9ab8-4215-a642-4cd8cc622792
356,30.249999999999233,40.0,-19.68,20.0,13120.0,38.41012315218791,65.0,78.97576258578921,40.0,-19.68,58.48638467194397,20.0,6720.0,20.0,80.0,80.0,40.0,0.0,80.0,12495.238095238095,airunit-257c9cb1-9ab8-4215-a642-4cd8cc622792
357,30.1666666666659,40.0,-19.68,20.0,13120.0,38.32768858733269,65.0,78.97554212723543,40.0,-19.68,58.481755042314354,20.0,6720.0,20.0,80.0,80.0,40.0,0.0,80.0,12495.238095238095,airunit-257c9cb1-9ab8-4215-a642-4cd8cc622792
358,30.08333333333257,40.0,-19.68,20.0,13120.0,38.24524503479269,65.0,78.97532166868163,40.0,-19.68,58.47712541268473,20.0,6720.0,20.0,80.0,80.0,40.0,0.0,80.0,12495.238095238095,airunit-257c9cb1-9ab8-4215-a642-4cd8cc622792
359,29.999999999999236,40.0,-19.68,20.0,13120.0,38.16279258444475,65.0,78.97510121012785,40.0,-19.68,58.4724957830551,20.0,6720.0,20.0,80.0,80.0,40.0,0.0,80.0,12495.238095238095,airunit-257c9cb1-9ab8-4215-a642-4cd8cc622792
360,29.916666666665904,40.0,-19.68,20.0,13120.0,38.08033132526696,65.0,78.97488075157405,40.0,-19.68,58.46786615342548,20.0,6720.0,20.0,80.0,80.0,40.0,0.0,80.0,12495.238095238095,airunit-257c9cb1-9ab8-4215-a642-4cd8cc622792
361,29.833333333332572,40.0,-19.68,20.0,13120.0,37.997861345347616,65.0,78.97466029302026,40.0,-19.68,58.46323652379585,20.0,6720.0,20.0,80.0,80.0,40.0,0.0,80.0,12495.238095238095,airunit-257c9cb1-9ab8-4215-a642-4cd8cc622792
362,29.74999999999924,40.0,-19.68,20.0,13120.0,37.915382731894134,65.0,78.97443983446647,40.0,-19.68,58.45860689416622,20.0,6720.0,20.0,80.0,80.0,40.0,0.0,80.0,12495.238095238095,airunit-257c9cb1-9ab8-4215-a642-4cd8cc622792
363,29.666666666665908,40.0,-19.68,20.0,13120.0,37.83289557124185,65.0,78.97421937591267,40.0,-19.68,58.4539772645366,20.0,6720.0,20.0,80.0,80.0,40.0,0.0,80.0,12495.238095238095,airunit-257c9cb1-9ab8-4215-a642-4cd8cc622792
364,29.583333333332575,40.0,-19.68,20.0,13120.0,37.75039994886276,65.0,78.97399891735888,40.0,-19.68,58.449347634906964,20.0,6720.0,20.0,80.0,80.0,40.0,0.0,80.0,12495.238095238095,airunit-257c9cb1-9ab8-4215-a642-4cd8cc622792
365,29.499999999999243,40.0,-19.68,20.0,13120.0,37.66789594937412,65.0,78.97377845880509,40.0,-19.68,58.444718005277345,20.0,6720.0,20.0,80.0,80.0,40.0,0.0,80.0,12495.238095238095,airunit-257c9cb1-9ab8-4215-a642-4cd8cc622792
366,29.41666666666591,40.0,-19.68,20.0,13120.0,37.58538365654704,65.0,78.9735580002513,40.0,-19.68,58.44008837564772,20.0,6720.0,20.0,80.0,80.0,40.0,0.0,80.0,12495.238095238095,airunit-257c9cb1-9ab8-4215-a642-4cd8cc622792
367,29.33333333333258,40.0,-19.68,20.0,13120.0,37.50286315331489,65.0,78.9733375416975,40.0,-19.68,58.43545874601809,20.0,6720.0,20.0,80.0,80.0,40.0,0.0,80.0,12495.238095238095,airunit-257c9cb1-9ab8-4215-a642-4cd8cc622792
368,29.249999999999247,40.0,-19.68,20.0,13120.0,37.42033452178173,65.0,78.97311708314372,40.0,-19.68,58.43082911638847,20.0,6720.0,20.0,80.0,80.0,40.0,0.0,80.0,12495.238095238095,airunit-257c9cb1-9ab8-4215-a642-4cd8cc622792
369,29.166666666665915,40.0,-19.68,20.0,13120.0,37.337797843230575,65.0,78.97289662458992,40.0,-19.68,58.42619948675884,20.0,6720.0,20.0,80.0,80.0,40.0,0.0,80.0,12495.238095238095,airunit-257c9cb1-9ab8-4215-a642-4cd8cc622792
370,29.083333333332583,40.0,-19.68,20.0,13120.0,37.2552531981316,65.0,78.97267616603614,40.0,-19.68,58.421569857129214,20.0,6720.0,20.0,80.0,80.0,40.0,0.0,80.0,12495.238095238095,airunit-257c9cb1-9ab8-4215-a642-4cd8cc622792
371,28.99999999999925,40.0,-19.68,20.0,13120.0,37.17270066615028,65.0,78.97245570748234,40.0,-19.68,58.41694022749959,20.0,6720.0,20.0,80.0,80.0,40.0,0.0,80.0,12495.238095238095,airunit-257c9cb1-9ab8-4215-a642-4cd8cc622792
372,28.91666666666592,40.0,-19.68,20.0,13120.0,37.090140326155435,65.0,78.97223524892856,40.0,-19.68,58.412310597869954,20.0,6720.0,20.0,80.0,80.0,40.0,0.0,80.0,12495.238095238095,airunit-257c9cb1-9ab8-4215-a642-4cd8cc622792
373,28.833333333332586,40.0,-19.68,20.0,13120.0,37.007572256227206,65.0,78.97201479037476,40.0,-19.68,58.407680968240335,20.0,6720.0,20.0,80.0,80.0,40.0,0.0,80.0,12495.238095238095,airunit-257c9cb1-9ab8-4215-a642-4cd8cc622792
374,28.749999999999254,40.0,-19.68,20.0,13120.0,36.924996533664924,65.0,78.97179433182097,40.0,-19.68,58.40305133861071,20.0,6720.0,20.0,80.0,80.0,40.0,0.0,80.0,12495.238095238095,airunit-257c9cb1-9ab8-4215-a642-4cd8cc622792
375,28.666666666665922,40.0,-19.68,20.0,13120.0,36.842413234994936,65.0,78.97157387326718,40.0,-19.68,58.39842170898108,20.0,6720.0,20.0,80.0,80.0,40.0,0.0,80.0,12495.238095238095,airunit-257c9cb1-9ab8-4215-a642-4cd8cc622792
376,28.58333333333259,40.0,-19.68,20.0,13120.0,36.759822435978315,65.0,78.97135341471338,40.0,-19.68,58.39379207935146,20.0,6720.0,20.0,80.0,80.0,40.0,0.0,80.0,12495.238095238095,airunit-257c9cb1-9ab8-4215-a642-4cd8cc622792
377,28.499999999999257,40.0,-19.68,20.0,13120.0,36.67722421161852,65.0,78.9711329561596,40.0,-19.68,58.38916244972183,20.0,6720.0,20.0,80.0,80.0,40.0,0.0,80.0,12495.238095238095,airunit-257c9cb1-9ab8-4215-a642-4cd8cc622792
378,28.416666666665925,40.0,-19.68,20.0,13120.0,36.594618636168995,65.0,78.9709124976058,40.0,-19.68,58.384532820092204,20.0,6720.0,20.0,80.0,80.0,40.0,0.0,80.0,12495.238095238095,airunit-257c9cb1-9ab8-4215-a642-4cd8cc622792
379,28.333333333332593,40.0,-19.68,20.0,13120.0,36.51200578314063,65.0,78.97069203905201,40.0,-19.68,58.37990319046258,20.0,6720.0,20.0,80.0,80.0,40.0,0.0,80.0,12495.238095238095,airunit-257c9cb1-9ab8-4215-a642-4cd8cc622792
380,28.24999999999926,40.0,-19.68,20.0,13120.0,36.42938572530922,65.0,78.97047158049821,40.0,-19.68,58.375273560832944,20.0,6720.0,20.0,80.0,80.0,40.0,0.0,80.0,12495.238095238095,airunit-257c9cb1-9ab8-4215-a642-4cd8cc622792
381,28.16666666666593,40.0,-19.68,20.0,13120.0,36.34675853472278,65.0,78.97025112194443,40.0,-19.68,58.370643931203325,20.0,6720.0,20.0,80.0,80.0,40.0,0.0,80.0,12495.238095238095,airunit-257c9cb1-9ab8-4215-a642-4cd8cc622792
382,28.083333333332597,40.0,-19.68,20.0,13120.0,36.26412428270888,65.0,78.97003066339063,40.0,-19.68,58.3660143015737,20.0,6720.0,20.0,80.0,80.0,40.0,0.0,80.0,12495.238095238095,airunit-257c9cb1-9ab8-4215-a642-4cd8cc622792
383,27.999999999999265,40.0,-19.68,20.0,13120.0,36.18148303988178,65.0,78.96981020483685,40.0,-19.68,58.36138467194407,20.0,6720.0,20.0,80.0,80.0,40.0,0.0,80.0,12495.238095238095,airunit-257c9cb1-9ab8-4215-a642-4cd8cc622792
384,27.916666666665932,40.0,-19.68,20.0,13120.0,36.098834876149624,65.0,78.96958974628305,40.0,-19.68,58.356755042314454,20.0,6720.0,20.0,80.0,80.0,40.0,0.0,80.0,12495.238095238095,airunit-257c9cb1-9ab8-4215-a642-4cd8cc622792
385,27.8333333333326,40.0,-19.68,20.0,13120.0,36.01617986072145,65.0,78.96936928772926,40.0,-19.68,58.35212541268482,20.0,6720.0,20.0,80.0,80.0,40.0,0.0,80.0,12495.238095238095,airunit-257c9cb1-9ab8-4215-a642-4cd8cc622792
386,27.749999999999268,40.0,-19.68,20.0,13120.0,35.93351806211423,65.0,78.96914882917547,40.0,-19.68,58.347495783055194,20.0,6720.0,20.0,80.0,80.0,40.0,0.0,80.0,12495.238095238095,airunit-257c9cb1-9ab8-4215-a642-4cd8cc622792
387,27.666666666665936,40.0,-19.68,20.0,13120.0,35.85084954815975,65.0,78.96892837062167,40.0,-19.68,58.34286615342557,20.0,6720.0,20.0,80.0,80.0,40.0,0.0,80.0,12495.238095238095,airunit-257c9cb1-9ab8-4215-a642-4cd8cc622792
388,27.583333333332604,40.0,-19.68,20.0,13120.0,35.76817438601148,65.0,78.96870791206788,40.0,-19.68,58.338236523795935,20.0,6720.0,20.0,80.0,80.0,40.0,0.0,80.0,12495.238095238095,airunit-257c9cb1-9ab8-4215-a642-4cd8cc622792
389,27.49999999999927,40.0,-19.68,20.0,13120.0,35.68549264215136,65.0,78.96848745351409,40.0,-19.68,58.333606894166316,20.0,6720.0,20.0,80.0,80.0,40.0,0.0,80.0,12495.238095238095,airunit-257c9cb1-9ab8-4215-a642-4cd8cc622792
390,27.41666666666594,40.0,-19.68,20.0,13120.0,35.602804382396506,65.0,78.9682669949603,40.0,-19.68,58.32897726453669,20.0,6720.0,20.0,80.0,80.0,40.0,0.0,80.0,12495.238095238095,airunit-257c9cb1-9ab8-4215-a642-4cd8cc622792
391,27.333333333332607,40.0,-19.68,20.0,13120.0,35.520109671905864,65.0,78.9680465364065,40.0,-19.68,58.32434763490706,20.0,6720.0,20.0,80.0,80.0,40.0,0.0,80.0,12495.238095238095,airunit-257c9cb1-9ab8-4215-a642-4cd8cc622792
392,27.249999999999275,40.0,-19.68,20.0,13120.0,35.4374085751868,65.0,78.96782607785272,40.0,-19.68,58.319718005277444,20.0,6720.0,20.0,80.0,80.0,40.0,0.0,80.0,12495.238095238095,airunit-257c9cb1-9ab8-4215-a642-4cd8cc622792
393,27.166666666665943,40.0,-19.68,20.0,13120.0,35.35470115610159,65.0,78.96760561929892,40.0,-19.68,58.31508837564781,20.0,6720.0,20.0,80.0,80.0,40.0,0.0,80.0,12495.238095238095,airunit-257c9cb1-9ab8-4215-a642-4cd8cc622792
394,27.08333333333261,40.0,-19.68,20.0,13120.0,35.2719874778739,65.0,78.96738516074514,40.0,-19.68,58.310458746018185,20.0,6720.0,20.0,80.0,80.0,40.0,0.0,80.0,12495.238095238095,airunit-257c9cb1-9ab8-4215-a642-4cd8cc622792
395,26.99999999999928,40.0,-19.68,20.0,13120.0,35.18926760309515,65.0,78.96716470219134,40.0,-19.68,58.30582911638856,20.0,6720.0,20.0,80.0,80.0,40.0,0.0,80.0,12495.238095238095,airunit-257c9cb1-9ab8-4215-a642-4cd8cc622792
396,26.916666666665947,40.0,-19.68,20.0,13120.0,35.10654159373086,65.0,78.96694424363756,40.0,-19.68,58.301199486758925,20.0,6720.0,20.0,80.0,80.0,40.0,0.0,80.0,12495.238095238095,airunit-257c9cb1-9ab8-4215-a642-4cd8cc622792
397,26.833333333332615,40.0,-19.68,20.0,13120.0,35.02380951112688,65.0,78.96672378508376,40.0,-19.68,58.296569857129306,20.0,6720.0,20.0,80.0,80.0,40.0,0.0,80.0,12495.238095238095,airunit-257c9cb1-9ab8-4215-a642-4cd8cc622792
398,26.749999999999282,40.0,-19.68,20.0,13120.0,34.9410714160156,65.0,78.96650332652997,40.0,-19.68,58.29194022749968,20.0,6720.0,20.0,80.0,80.0,40.0,0.0,80.0,12495.238095238095,airunit-257c9cb1-9ab8-4215-a642-4cd8cc622792
399,26.66666666666595,40.0,-19.68,20.0,13120.0,34.858327368522104,65.0,78.96628286797618,40.0,-19.68,58.287310597870054,20.0,6720.0,20.0,80.0,80.0,40.0,0.0,80.0,12495.238095238095,airunit-257c9cb1-9ab8-4215-a642-4cd8cc622792
400,26.583333333332618,40.0,-19.68,20.0,13120.0,34.77557742817021,65.0,78.96606240942238,40.0,-19.68,58.282680968240435,20.0,6720.0,20.0,80.0,80.0,40.0,0.0,80.0,12495.238095238095,airunit-257c9cb1-9ab8-4215-a642-4cd8cc622792
401,26.499999999999286,40.0,-19.68,20.0,13120.0,34.6928216538885,65.0,78.9658419508686,40.0,-19.68,58.2780513386108,20.0,6720.0,20.0,80.0,80.0,40.0,0.0,80.0,12495.238095238095,airunit-257c9cb1-9ab8-4215-a642-4cd8cc622792
402,26.416666666665954,40.0,-19.68,20.0,13120.0,34.61006010401628,65.0,78.9656214923148,40.0,-19.68,58.273421708981175,20.0,6720.0,20.0,80.0,80.0,40.0,0.0,80.0,12495.238095238095,airunit-257c9cb1-9ab8-4215-a642-4cd8cc622792
403,26.33333333333262,40.0,-19.68,20.0,13120.0,34.52729283630944,65.0,78.96540103376101,40.0,-19.68,58.26879207935155,20.0,6720.0,20.0,80.0,80.0,40.0,0.0,80.0,12495.238095238095,airunit-257c9cb1-9ab8-4215-a642-4cd8cc622792
404,26.24999999999929,40.0,-19.68,20.0,13120.0,34.44451990794634,65.0,78.96518057520721,40.0,-19.68,58.264162449721915,20.0,6720.0,20.0,80.0,80.0,40.0,0.0,80.0,12495.238095238095,airunit-257c9cb1-9ab8-4215-a642-4cd8cc622792
405,26.166666666665957,40.0,-19.68,20.0,13120.0,34.36174137553354,65.0,78.96496011665342,40.0,-19.68,58.259532820092296,20.0,6720.0,20.0,80.0,80.0,40.0,0.0,80.0,12495.238095238095,airunit-257c9cb1-9ab8-4215-a642-4cd8cc622792
406,26.083333333332625,40.0,-19.68,20.0,13120.0,34.27895729511153,65.0,78.96473965809963,40.0,-19.68,58.25490319046267,20.0,6720.0,20.0,80.0,80.0,40.0,0.0,80.0,12495.238095238095,airunit-257c9cb1-9ab8-4215-a642-4cd8cc622792
407,25.999999999999293,40.0,-19.68,20.0,13120.0,34.19616772216041,65.0,78.96451919954583,40.0,-19.68,58.250273560833044,20.0,6720.0,20.0,80.0,80.0,40.0,0.0,80.0,12495.238095238095,airunit-257c9cb1-9ab8-4215-a642-4cd8cc622792
408,25.91666666666596,40.0,-19.68,20.0,13120.0,34.113372711605464,65.0,78.96429874099204,40.0,-19.68,58.245643931203425,20.0,6720.0,20.0,80.0,80.0,40.0,0.0,80.0,12495.238095238095,airunit-257c9cb1-9ab8-4215-a642-4cd8cc622792
409,25.83333333333263,40.0,-19.68,20.0,13120.0,34.03057231782274,65.0,78.96407828243825,40.0,-19.68,58.24101430157379,20.0,6720.0,20.0,80.0,80.0,40.0,0.0,80.0,12495.238095238095,airunit-257c9cb1-9ab8-4215-a642-4cd8cc622792
410,25.749999999999297,40.0,-19.68,20.0,13120.0,33.947766594644506,65.0,78.96385782388445,40.0,-19.68,58.236384671944165,20.0,6720.0,20.0,80.0,80.0,40.0,0.0,80.0,12495.238095238095,airunit-257c9cb1-9ab8-4215-a642-4cd8cc622792
411,25.666666666665964,40.0,-19.68,20.0,13120.0,33.86495559536472,65.0,78.96363736533067,40.0,-19.68,58.23175504231454,20.0,6720.0,20.0,80.0,80.0,40.0,0.0,80.0,12495.238095238095,airunit-257c9cb1-9ab8-4215-a642-4cd8cc622792
412,25.583333333332632,40.0,-19.68,20.0,13120.0,33.782139372744396,65.0,78.96341690677687,40.0,-19.68,58.227125412684906,20.0,6720.0,20.0,80.0,80.0,40.0,0.0,80.0,12495.238095238095,airunit-257c9cb1-9ab8-4215-a642-4cd8cc622792
413,25.4999999999993,40.0,-19.68,20.0,13120.0,33.699317979016946,65.0,78.96319644822309,40.0,-19.68,58.22249578305529,20.0,6720.0,20.0,80.0,80.0,40.0,0.0,80.0,12495.238095238095,airunit-257c9cb1-9ab8-4215-a642-4cd8cc622792
414,25.416666666665968,40.0,-19.68,20.0,13120.0,33.61649146589344,65.0,78.96297598966929,40.0,-19.68,58.21786615342566,20.0,6720.0,20.0,80.0,80.0,40.0,0.0,80.0,12495.238095238095,airunit-257c9cb1-9ab8-4215-a642-4cd8cc622792
415,25.333333333332636,40.0,-19.68,20.0,13120.0,33.53365988456783,65.0,78.9627555311155,40.0,-19.68,58.213236523796034,20.0,6720.0,20.0,80.0,80.0,40.0,0.0,80.0,12495.238095238095,airunit-257c9cb1-9ab8-4215-a642-4cd8cc622792
416,25.249999999999304,40.0,-19.68,20.0,13120.0,33.450823285722144,65.0,78.9625350725617,40.0,-19.68,58.208606894166415,20.0,6720.0,20.0,80.0,80.0,40.0,0.0,80.0,12495.238095238095,airunit-257c9cb1-9ab8-4215-a642-4cd8cc622792
417,25.16666666666597,40.0,-19.68,20.0,13120.0,33.367981719531585,65.0,78.96231461400792,40.0,-19.68,58.20397726453678,20.0,6720.0,20.0,80.0,80.0,40.0,0.0,80.0,12495.238095238095,airunit-257c9cb1-9ab8-4215-a642-4cd8cc622792
418,25.08333333333264,40.0,-19.68,20.0,13120.0,33.28513523566959,65.0,78.96209415545412,40.0,-19.68,58.199347634907156,20.0,6720.0,20.0,80.0,80.0,40.0,0.0,80.0,12495.238095238095,airunit-257c9cb1-9ab8-4215-a642-4cd8cc622792
419,24.999999999999307,40.0,-19.68,20.0,13120.0,33.20228388331289,65.0,78.96187369690034,40.0,-19.68,58.19471800527753,20.0,6720.0,20.0,80.0,80.0,40.0,0.0,80.0,12495.238095238095,airunit-257c9cb1-9ab8-4215-a642-4cd8cc622792
420,24.916666666665975,40.0,-19.68,20.0,13120.0,33.119427711146415,65.0,78.96165323834654,40.0,-19.68,58.190088375647896,20.0,6720.0,20.0,80.0,80.0,40.0,0.0,80.0,12495.238095238095,airunit-257c9cb1-9ab8-4215-a642-4cd8cc622792
421,24.833333333332643,40.0,-19.68,20.0,13120.0,33.03656676736828,65.0,78.96143277979274,40.0,-19.68,58.18545874601828,20.0,6720.0,20.0,80.0,80.0,40.0,0.0,80.0,12495.238095238095,airunit-257c9cb1-9ab8-4215-a642-4cd8cc622792
422,24.74999999999931,40.0,-19.68,20.0,13120.0,32.95370109969459,65.0,78.96121232123896,40.0,-19.68,58.18082911638865,20.0,6720.0,20.0,80.0,80.0,40.0,0.0,80.0,12495.238095238095,airunit-257c9cb1-9ab8-4215-a642-4cd8cc622792
423,24.66666666666598,40.0,-19.68,20.0,13120.0,32.8708307553643,65.0,78.96099186268516,40.0,-19.68,58.176199486759025,20.0,6720.0,20.0,80.0,80.0,40.0,0.0,80.0,12495.238095238095,airunit-257c9cb1-9ab8-4215-a642-4cd8cc622792
424,24.583333333332646,40.0,-19.68,20.0,13120.0,32.787955781143985,65.0,78.96077140413138,40.0,-19.68,58.171569857129406,20.0,6720.0,20.0,80.0,80.0,40.0,0.0,80.0,12495.238095238095,airunit-257c9cb1-9ab8-4215-a642-4cd8cc622792
425,24.499999999999314,40.0,-19.68,20.0,13120.0,32.70507622333254,65.0,78.96055094557758,40.0,-19.68,58.16694022749977,20.0,6720.0,20.0,80.0,80.0,40.0,0.0,80.0,12495.238095238095,airunit-257c9cb1-9ab8-4215-a642-4cd8cc622792
426,24.416666666665982,40.0,-19.68,20.0,13120.0,32.62219212776588,65.0,78.9603304870238,40.0,-19.68,58.162310597870146,20.0,6720.0,20.0,80.0,80.0,40.0,0.0,80.0,12495.238095238095,airunit-257c9cb1-9ab8-4215-a642-4cd8cc622792
427,24.33333333333265,40.0,-19.68,20.0,13120.0,32.539303539821546,65.0,78.96011002847,40.0,-19.68,58.15768096824052,20.0,6720.0,20.0,80.0,80.0,40.0,0.0,80.0,12495.238095238095,airunit-257c9cb1-9ab8-4215-a642-4cd8cc622792
428,24.249999999999318,40.0,-19.68,20.0,13120.0,32.456410504423324,65.0,78.95988956991621,40.0,-19.68,58.15305133861089,20.0,6720.0,20.0,80.0,80.0,40.0,0.0,80.0,12495.238095238095,airunit-257c9cb1-9ab8-4215-a642-4cd8cc622792
429,24.166666666665986,40.0,-19.68,20.0,13120.0,32.37351306604575,65.0,78.95966911136242,40.0,-19.68,58.14842170898127,20.0,6720.0,20.0,80.0,80.0,40.0,0.0,80.0,12495.238095238095,airunit-257c9cb1-9ab8-4215-a642-4cd8cc622792
430,24.083333333332654,40.0,-19.68,20.0,13120.0,32.29061126871862,65.0,78.95944865280863,40.0,-19.68,58.14379207935164,20.0,6720.0,20.0,80.0,80.0,40.0,0.0,80.0,12495.238095238095,airunit-257c9cb1-9ab8-4215-a642-4cd8cc622792
431,23.99999999999932,40.0,-19.68,20.0,13120.0,32.20770515603143,65.0,78.95922819425483,40.0,-19.68,58.139162449722015,20.0,6720.0,20.0,80.0,80.0,40.0,0.0,80.0,12495.238095238095,airunit-257c9cb1-9ab8-4215-a642-4cd8cc622792
432,23.91666666666599,40.0,-19.68,20.0,13120.0,32.12479477113778,65.0,78.95900773570104,40.0,-19.68,58.134532820092396,20.0,6720.0,20.0,80.0,80.0,40.0,0.0,80.0,12495.238095238095,airunit-257c9cb1-9ab8-4215-a642-4cd8cc622792
433,23.833333333332657,40.0,-19.68,20.0,13120.0,32.04188015675973,65.0,78.95878727714725,40.0,-19.68,58.12990319046276,20.0,6720.0,20.0,80.0,80.0,40.0,0.0,80.0,12495.238095238095,airunit-257c9cb1-9ab8-4215-a642-4cd8cc622792
434,23.749999999999325,40.0,-19.68,20.0,13120.0,31.958961355192127,65.0,78.95856681859345,40.0,-19.68,58.125273560833136,20.0,6720.0,20.0,80.0,80.0,40.0,0.0,80.0,12495.238095238095,airunit-257c9cb1-9ab8-4215-a642-4cd8cc622792
435,23.666666666665993,40.0,-19.68,20.0,13120.0,31.876038408306865,65.0,78.95834636003967,40.0,-19.68,58.12064393120351,20.0,6720.0,20.0,80.0,80.0,40.0,0.0,80.0,12495.238095238095,airunit-257c9cb1-9ab8-4215-a642-4cd8cc622792
436,23.58333333333266,40.0,-19.68,20.0,13120.0,31.793111357557123,65.0,78.95812590148587,40.0,-19.68,58.11601430157388,20.0,6720.0,20.0,80.0,80.0,40.0,0.0,80.0,12495.238095238095,airunit-257c9cb1-9ab8-4215-a642-4cd8cc622792
437,23.49999999999933,40.0,-19.68,20.0,13120.0,31.710180243981544,65.0,78.95790544293209,40.0,-19.68,58.11138467194426,20.0,6720.0,20.0,80.0,80.0,40.0,0.0,80.0,12495.238095238095,airunit-257c9cb1-9ab8-4215-a642-4cd8cc622792
438,23.416666666665996,40.0,-19.68,20.0,13120.0,31.62724510820839,65.0,78.95768498437829,40.0,-19.68,58.10675504231463,20.0,6720.0,20.0,80.0,80.0,40.0,0.0,80.0,12495.238095238095,airunit-257c9cb1-9ab8-4215-a642-4cd8cc622792
439,23.333333333332664,40.0,-19.68,20.0,13120.0,31.54430599045963,65.0,78.9574645258245,40.0,-19.68,58.102125412685005,20.0,6720.0,20.0,80.0,80.0,40.0,0.0,80.0,12495.238095238095,airunit-257c9cb1-9ab8-4215-a642-4cd8cc622792
440,23.249999999999332,40.0,-19.68,20.0,13120.0,31.461362930555026,65.0,78.95724406727071,40.0,-19.68,58.097495783055386,20.0,6720.0,20.0,80.0,80.0,40.0,0.0,80.0,12495.238095238095,airunit-257c9cb1-9ab8-4215-a642-4cd8cc622792
441,23.166666666666,40.0,-19.68,20.0,13120.0,31.378415967916137,65.0,78.95702360871692,40.0,-19.68,58.09286615342575,20.0,6720.0,20.0,80.0,80.0,40.0,0.0,80.0,12495.238095238095,airunit-257c9cb1-9ab8-4215-a642-4cd8cc622792
442,23.083333333332668,40.0,-19.68,20.0,13120.0,31.295465141570304,65.0,78.95680315016313,40.0,-19.68,58.08823652379613,20.0,6720.0,20.0,80.0,80.0,40.0,0.0,80.0,12495.238095238095,airunit-257c9cb1-9ab8-4215-a642-4cd8cc622792
443,22.999999999999336,40.0,-19.68,20.0,13120.0,31.212510490154596,65.0,78.95658269160934,40.0,-19.68,58.0836068941665,20.0,6720.0,20.0,80.0,80.0,40.0,0.0,80.0,12495.238095238095,airunit-257c9cb1-9ab8-4215-a642-4cd8cc622792
444,22.916666666666003,40.0,-19.68,20.0,13120.0,31.12955205191971,65.0,78.95636223305554,40.0,-19.68,58.07897726453687,20.0,6720.0,20.0,80.0,80.0,40.0,0.0,80.0,12495.238095238095,airunit-257c9cb1-9ab8-4215-a642-4cd8cc622792
445,22.83333333333267,40.0,-19.68,20.0,13120.0,31.04658986473384,65.0,78.95614177450175,40.0,-19.68,58.07434763490725,20.0,6720.0,20.0,80.0,80.0,40.0,0.0,80.0,12495.238095238095,airunit-257c9cb1-9ab8-4215-a642-4cd8cc622792
446,22.74999999999934,40.0,-19.68,20.0,13120.0,30.963623966086494,65.0,78.95592131594796,40.0,-19.68,58.06971800527762,20.0,6720.0,20.0,80.0,80.0,40.0,0.0,80.0,12495.238095238095,airunit-257c9cb1-9ab8-4215-a642-4cd8cc622792
447,22.666666666666007,40.0,-19.68,20.0,13120.0,30.88065439309229,65.0,78.95570085739416,40.0,-19.68,58.065088375647996,20.0,6720.0,20.0,80.0,80.0,40.0,0.0,80.0,12495.238095238095,airunit-257c9cb1-9ab8-4215-a642-4cd8cc622792
448,22.583333333332675,40.0,-19.68,20.0,13120.0,30.797681182494692,65.0,78.95548039884038,40.0,-19.68,58.06045874601838,20.0,6720.0,20.0,80.0,80.0,40.0,0.0,80.0,12495.238095238095,airunit-257c9cb1-9ab8-4215-a642-4cd8cc622792
449,22.499999999999343,40.0,-19.68,20.0,13120.0,30.71470437066974,65.0,78.95525994028658,40.0,-19.68,58.05582911638874,20.0,6720.0,20.0,80.0,80.0,40.0,0.0,80.0,12495.238095238095,airunit-257c9cb1-9ab8-4215-a642-4cd8cc622792
450,22.41666666666601,40.0,-19.68,20.0,13120.0,30.631723993629702,65.0,78.9550394817328,40.0,-19.68,58.05119948675912,20.0,6720.0,20.0,80.0,80.0,40.0,0.0,80.0,12495.238095238095,airunit-257c9cb1-9ab8-4215-a642-4cd8cc622792
451,22.33333333333268,40.0,-19.68,20.0,13120.0,30.548740087026733,65.0,78.954819023179,40.0,-19.68,58.04656985712949,20.0,6720.0,20.0,80.0,80.0,40.0,0.0,80.0,12495.238095238095,airunit-257c9cb1-9ab8-4215-a642-4cd8cc622792
452,22.249999999999346,40.0,-19.68,20.0,13120.0,30.46575268615646,65.0,78.95459856462521,40.0,-19.68,58.04194022749986,20.0,6720.0,20.0,80.0,80.0,40.0,0.0,80.0,12495.238095238095,airunit-257c9cb1-9ab8-4215-a642-4cd8cc622792
453,22.166666666666014,40.0,-19.68,20.0,13120.0,30.382761825961556,65.0,78.95437810607142,40.0,-19.68,58.03731059787024,20.0,6720.0,20.0,80.0,80.0,40.0,0.0,80.0,12495.238095238095,airunit-257c9cb1-9ab8-4215-a642-4cd8cc622792
454,22.083333333332682,40.0,-19.68,20.0,13120.0,30.299767541035266,65.0,78.95415764751763,40.0,-19.68,58.03268096824061,20.0,6720.0,20.0,80.0,80.0,40.0,0.0,80.0,12495.238095238095,airunit-257c9cb1-9ab8-4215-a642-4cd8cc622792
455,21.99999999999935,40.0,-19.68,20.0,13120.0,30.216769865624908,65.0,78.95393718896383,40.0,-19.68,58.028051338610986,20.0,6720.0,20.0,80.0,80.0,40.0,0.0,80.0,12495.238095238095,airunit-257c9cb1-9ab8-4215-a642-4cd8cc622792
456,21.916666666666018,40.0,-19.68,20.0,13120.0,30.13376883363532,65.0,78.95371673041004,40.0,-19.68,58.02342170898137,20.0,6720.0,20.0,80.0,80.0,40.0,0.0,80.0,12495.238095238095,airunit-257c9cb1-9ab8-4215-a642-4cd8cc622792
457,21.833333333332686,40.0,-19.68,20.0,13120.0,30.050764478632292,65.0,78.95349627185625,40.0,-19.68,58.01879207935173,20.0,6720.0,20.0,80.0,80.0,40.0,0.0,80.0,12495.238095238095,airunit-257c9cb1-9ab8-4215-a642-4cd8cc622792
458,21.749999999999353,40.0,-19.68,20.0,13120.0,29.967756833845964,65.0,78.95327581330245,40.0,-19.68,58.01416244972211,20.0,6720.0,20.0,80.0,80.0,40.0,0.0,80.0,12495.238095238095,airunit-257c9cb1-9ab8-4215-a642-4cd8cc622792
459,21.66666666666602,40.0,-19.68,20.0,13120.0,29.884745932174166,65.0,78.95305535474867,40.0,-19.68,58.00953282009248,20.0,6720.0,20.0,80.0,80.0,40.0,0.0,80.0,12495.238095238095,airunit-257c9cb1-9ab8-4215-a642-4cd8cc622792
460,21.58333333333269,40.0,-19.68,20.0,13120.0,29.80173180618575,65.0,78.95283489619487,40.0,-19.68,58.00490319046285,20.0,6720.0,20.0,80.0,80.0,40.0,0.0,80.0,12495.238095238095,airunit-257c9cb1-9ab8-4215-a642-4cd8cc622792
461,21.499999999999357,40.0,-19.68,20.0,13120.0,29.718714488123886,65.0,78.95261443764109,40.0,-19.68,58.00027356083323,20.0,6720.0,20.0,80.0,80.0,40.0,0.0,80.0,12495.238095238095,airunit-257c9cb1-9ab8-4215-a642-4cd8cc622792
462,21.416666666666025,40.0,-19.68,20.0,13120.0,29.635694009909308,65.0,78.95239397908729,40.0,-19.68,57.9956439312036,20.0,6720.0,20.0,80.0,80.0,40.0,0.0,80.0,12495.238095238095,airunit-257c9cb1-9ab8-4215-a642-4cd8cc622792
463,21.333333333332693,40.0,-19.68,20.0,13120.0,29.55267040314354,65.0,78.9521735205335,40.0,-19.68,57.991014301573976,20.0,6720.0,20.0,80.0,80.0,40.0,0.0,80.0,12495.238095238095,airunit-257c9cb1-9ab8-4215-a642-4cd8cc622792
464,21.24999999999936,40.0,-19.68,20.0,13120.0,29.469643699112098,65.0,78.95195306197971,40.0,-19.68,57.98638467194436,20.0,6720.0,20.0,80.0,80.0,40.0,0.0,80.0,12495.238095238095,airunit-257c9cb1-9ab8-4215-a642-4cd8cc622792
465,21.16666666666603,40.0,-19.68,20.0,13120.0,29.386613928787636,65.0,78.95173260342592,40.0,-19.68,57.981755042314724,20.0,6720.0,20.0,80.0,80.0,40.0,0.0,80.0,12495.238095238095,airunit-257c9cb1-9ab8-4215-a642-4cd8cc622792
466,21.083333333332696,40.0,-19.68,20.0,13120.0,29.303581122833087,65.0,78.95151214487213,40.0,-19.68,57.9771254126851,20.0,6720.0,20.0,80.0,80.0,40.0,0.0,80.0,12495.238095238095,airunit-257c9cb1-9ab8-4215-a642-4cd8cc622792
467,20.999999999999364,40.0,-19.68,20.0,13120.0,29.22054531160475,65.0,78.95129168631834,40.0,-19.68,57.97249578305547,20.0,6720.0,20.0,80.0,80.0,40.0,0.0,80.0,12495.238095238095,airunit-257c9cb1-9ab8-4215-a642-4cd8cc622792
468,20.916666666666032,40.0,-19.68,20.0,13120.0,29.137506525155363,65.0,78.95107122776454,40.0,-19.68,57.96786615342584,20.0,6720.0,20.0,80.0,80.0,40.0,0.0,80.0,12495.238095238095,airunit-257c9cb1-9ab8-4215-a642-4cd8cc622792
469,20.8333333333327,40.0,-19.68,20.0,13120.0,29.054464793237138,65.0,78.95085076921075,40.0,-19.68,57.96323652379622,20.0,6720.0,20.0,80.0,80.0,40.0,0.0,80.0,12495.238095238095,airunit-257c9cb1-9ab8-4215-a642-4cd8cc622792
470,20.749999999999368,40.0,-19.68,20.0,13120.0,28.97142014530476,65.0,78.95063031065696,40.0,-19.68,57.95860689416659,20.0,6720.0,20.0,80.0,80.0,40.0,0.0,80.0,12495.238095238095,airunit-257c9cb1-9ab8-4215-a642-4cd8cc622792
471,20.666666666666035,40.0,-19.68,20.0,13120.0,28.88837261051837,65.0,78.95040985210316,40.0,-19.68,57.95397726453697,20.0,6720.0,20.0,80.0,80.0,40.0,0.0,80.0,12495.238095238095,airunit-257c9cb1-9ab8-4215-a642-4cd8cc622792
472,20.583333333332703,40.0,-19.68,20.0,13120.0,28.805322217746514,65.0,78.95018939354938,40.0,-19.68,57.94934763490735,20.0,6720.0,20.0,80.0,80.0,40.0,0.0,80.0,12495.238095238095,airunit-257c9cb1-9ab8-4215-a642-4cd8cc622792
473,20.49999999999937,40.0,-19.68,20.0,13120.0,28.722268995569042,65.0,78.94996893499558,40.0,-19.68,57.944718005277714,20.0,6720.0,20.0,80.0,80.0,40.0,0.0,80.0,12495.238095238095,airunit-257c9cb1-9ab8-4215-a642-4cd8cc622792
474,20.41666666666604,40.0,-19.68,20.0,13120.0,28.639212972280014,65.0,78.9497484764418,40.0,-19.68,57.94008837564809,20.0,6720.0,20.0,80.0,80.0,40.0,0.0,80.0,12495.238095238095,airunit-257c9cb1-9ab8-4215-a642-4cd8cc622792
475,20.333333333332707,40.0,-19.68,20.0,13120.0,28.55615417589054,65.0,78.949528017888,40.0,-19.68,57.93545874601846,20.0,6720.0,20.0,80.0,80.0,40.0,0.0,80.0,12495.238095238095,airunit-257c9cb1-9ab8-4215-a642-4cd8cc622792
476,20.249999999999375,40.0,-19.68,20.0,13120.0,28.47309263413163,65.0,78.94930755933422,40.0,-19.68,57.93082911638883,20.0,6720.0,20.0,80.0,80.0,40.0,0.0,80.0,12495.238095238095,airunit-257c9cb1-9ab8-4215-a642-4cd8cc622792
477,20.166666666666043,40.0,-19.68,20.0,13120.0,28.39002837445697,65.0,78.94908710078042,40.0,-19.68,57.92619948675921,20.0,6720.0,20.0,80.0,80.0,40.0,0.0,80.0,12495.238095238095,airunit-257c9cb1-9ab8-4215-a642-4cd8cc622792
478,20.08333333333271,40.0,-19.68,20.0,13120.0,28.306961424045728,65.0,78.94886664222663,40.0,-19.68,57.92156985712958,20.0,6720.0,20.0,80.0,80.0,40.0,0.0,80.0,12495.238095238095,airunit-257c9cb1-9ab8-4215-a642-4cd8cc622792
479,19.99999999999938,40.0,-19.68,20.0,13120.0,28.223891809805263,65.0,78.94864618367284,40.0,-19.68,57.91694022749996,20.0,6720.0,20.0,80.0,80.0,40.0,0.0,80.0,12495.238095238095,airunit-257c9cb1-9ab8-4215-a642-4cd8cc622792
480,19.916666666666046,40.0,-19.68,20.0,13120.0,28.14081955837387,65.0,78.94842572511904,40.0,-19.68,57.91231059787034,20.0,6720.0,20.0,80.0,80.0,40.0,0.0,80.0,12495.238095238095,airunit-257c9cb1-9ab8-4215-a642-4cd8cc622792
481,19.833333333332714,40.0,-19.68,20.0,13120.0,28.057744696123457,65.0,78.94820526656525,40.0,-19.68,57.907680968240705,20.0,6720.0,20.0,80.0,80.0,40.0,0.0,80.0,12495.238095238095,airunit-257c9cb1-9ab8-4215-a642-4cd8cc622792
482,19.749999999999382,40.0,-19.68,20.0,13120.0,27.974667249162216,65.0,78.94798480801146,40.0,-19.68,57.90305133861108,20.0,6720.0,20.0,80.0,80.0,40.0,0.0,80.0,12495.238095238095,airunit-257c9cb1-9ab8-4215-a642-4cd8cc622792
483,19.66666666666605,40.0,-19.68,20.0,13120.0,27.891587243337256,65.0,78.94776434945767,40.0,-19.68,57.89842170898145,20.0,6720.0,20.0,80.0,80.0,40.0,0.0,80.0,12495.238095238095,airunit-257c9cb1-9ab8-4215-a642-4cd8cc622792
484,19.583333333332718,40.0,-19.68,20.0,13120.0,27.80850470423721,65.0,78.94754389090387,40.0,-19.68,57.89379207935182,20.0,6720.0,20.0,80.0,80.0,40.0,0.0,80.0,12495.238095238095,airunit-257c9cb1-9ab8-4215-a642-4cd8cc622792
485,19.499999999999385,40.0,-19.68,20.0,13120.0,27.725419657194834,65.0,78.94732343235009,40.0,-19.68,57.8891624497222,20.0,6720.0,20.0,80.0,80.0,40.0,0.0,80.0,12495.238095238095,airunit-257c9cb1-9ab8-4215-a642-4cd8cc622792
486,19.416666666666053,40.0,-19.68,20.0,13120.0,27.642332127289546,65.0,78.94710297379629,40.0,-19.68,57.88453282009257,20.0,6720.0,20.0,80.0,80.0,40.0,0.0,80.0,12495.238095238095,airunit-257c9cb1-9ab8-4215-a642-4cd8cc622792
487,19.33333333333272,40.0,-19.68,20.0,13120.0,27.559242139349976,65.0,78.9468825152425,40.0,-19.68,57.87990319046295,20.0,6720.0,20.0,80.0,80.0,40.0,0.0,80.0,12495.238095238095,airunit-257c9cb1-9ab8-4215-a642-4cd8cc622792
488,19.24999999999939,40.0,-19.68,20.0,13120.0,27.47614971795647,65.0,78.94666205668871,40.0,-19.68,57.87527356083333,20.0,6720.0,20.0,80.0,80.0,40.0,0.0,80.0,12495.238095238095,airunit-257c9cb1-9ab8-4215-a642-4cd8cc622792
489,19.166666666666057,40.0,-19.68,20.0,13120.0,27.393054887443565,65.0,78.94644159813492,40.0,-19.68,57.870643931203695,20.0,6720.0,20.0,80.0,80.0,40.0,0.0,80.0,12495.238095238095,airunit-257c9cb1-9ab8-4215-a642-4cd8cc622792
490,19.083333333332725,40.0,-19.68,20.0,13120.0,27.309957671902456,65.0,78.94622113958113,40.0,-19.68,57.86601430157407,20.0,6720.0,20.0,80.0,80.0,40.0,0.0,80.0,12495.238095238095,airunit-257c9cb1-9ab8-4215-a642-4cd8cc622792
491,18.999999999999392,40.0,-19.68,20.0,13120.0,27.226858095183424,65.0,78.94600068102734,40.0,-19.68,57.86138467194444,20.0,6720.0,20.0,80.0,80.0,40.0,0.0,80.0,12495.238095238095,airunit-257c9cb1-9ab8-4215-a642-4cd8cc622792
492,18.91666666666606,40.0,-19.68,20.0,13120.0,27.14375618089825,65.0,78.94578022247354,40.0,-19.68,57.85675504231481,20.0,6720.0,20.0,80.0,80.0,40.0,0.0,80.0,12495.238095238095,airunit-257c9cb1-9ab8-4215-a642-4cd8cc622792
493,18.833333333332728,40.0,-19.68,20.0,13120.0,27.060651952422596,65.0,78.94555976391975,40.0,-19.68,57.85212541268519,20.0,6720.0,20.0,80.0,80.0,40.0,0.0,80.0,12495.238095238095,airunit-257c9cb1-9ab8-4215-a642-4cd8cc622792
494,18.749999999999396,40.0,-19.68,20.0,13120.0,26.977545432898363,65.0,78.94533930536596,40.0,-19.68,57.847495783055564,20.0,6720.0,20.0,80.0,80.0,40.0,0.0,80.0,12495.238095238095,airunit-257c9cb1-9ab8-4215-a642-4cd8cc622792
495,18.666666666666064,40.0,-19.68,20.0,13120.0,26.89443664523604,65.0,78.94511884681216,40.0,-19.68,57.84286615342594,20.0,6720.0,20.0,80.0,80.0,40.0,0.0,80.0,12495.238095238095,airunit-257c9cb1-9ab8-4215-a642-4cd8cc622792
496,18.58333333333273,40.0,-19.68,20.0,13120.0,26.81132561211701,65.0,78.94489838825838,40.0,-19.68,57.83823652379632,20.0,6720.0,20.0,80.0,80.0,40.0,0.0,80.0,12495.238095238095,airunit-257c9cb1-9ab8-4215-a642-4cd8cc622792
497,18.4999999999994,40.0,-19.68,20.0,13120.0,26.728212355995833,65.0,78.94467792970458,40.0,-19.68,57.833606894166685,20.0,6720.0,20.0,80.0,80.0,40.0,0.0,80.0,12495.238095238095,airunit-257c9cb1-9ab8-4215-a642-4cd8cc622792
498,18.416666666666067,40.0,-19.68,20.0,13120.0,26.645096899102537,65.0,78.9444574711508,40.0,-19.68,57.82897726453706,20.0,6720.0,20.0,80.0,80.0,40.0,0.0,80.0,12495.238095238095,airunit-257c9cb1-9ab8-4215-a642-4cd8cc622792
499,18.333333333332735,40.0,-19.68,20.0,13120.0,26.56197926344484,65.0,78.944237012597,40.0,-19.68,57.82434763490743,20.0,6720.0,20.0,80.0,80.0,40.0,0.0,80.0,12495.238095238095,airunit-257c9cb1-9ab8-4215-a642-4cd8cc622792
500,18.249999999999403,40.0,-19.68,20.0,13120.0,26.478859470810384,65.0,78.9440165540432,40.0,-19.68,57.8197180052778,20.0,6720.0,20.0,80.0,80.0,40.0,0.0,80.0,12495.238095238095,airunit-257c9cb1-9ab8-4215-a642-4cd8cc622792
501,18.16666666666607,40.0,-19.68,20.0,13120.0,26.39573754276894,65.0,78.9437960954894,40.0,-19.68,57.81508837564818,20.0,6720.0,20.0,80.0,80.0,40.0,0.0,80.0,12495.238095238095,airunit-257c9cb1-9ab8-4215-a642-4cd8cc622792
502,18.08333333333274,40.0,-19.68,20.0,13120.0,26.31261350067458,65.0,78.94357563693562,40.0,-19.68,57.810458746018554,20.0,6720.0,20.0,80.0,80.0,40.0,0.0,80.0,12495.238095238095,airunit-257c9cb1-9ab8-4215-a642-4cd8cc622792
503,17.999999999999407,40.0,-19.68,20.0,13120.0,26.22948736566783,65.0,78.94335517838182,40.0,-19.68,57.80582911638893,20.0,6720.0,20.0,80.0,80.0,40.0,0.0,80.0,12495.238095238095,airunit-257c9cb1-9ab8-4215-a642-4cd8cc622792
504,17.916666666666075,40.0,-19.68,20.0,13120.0,26.14635915867781,65.0,78.94313471982804,40.0,-19.68,57.80119948675931,20.0,6720.0,20.0,80.0,80.0,40.0,0.0,80.0,12495.238095238095,airunit-257c9cb1-9ab8-4215-a642-4cd8cc622792
505,17.833333333332742,40.0,-19.68,20.0,13120.0,26.06322890042436,65.0,78.94291426127424,40.0,-19.68,57.796569857129676,20.0,6720.0,20.0,80.0,80.0,40.0,0.0,80.0,12495.238095238095,airunit-257c9cb1-9ab8-4215-a642-4cd8cc622792
506,17.74999999999941,40.0,-19.68,20.0,13120.0,25.98009661142011,65.0,78.94269380272046,40.0,-19.68,57.79194022750005,20.0,6720.0,20.0,80.0,80.0,40.0,0.0,80.0,12495.238095238095,airunit-257c9cb1-9ab8-4215-a642-4cd8cc622792
507,17.666666666666078,40.0,-19.68,20.0,13120.0,25.89696231197257,65.0,78.94247334416666,40.0,-19.68,57.78731059787042,20.0,6720.0,20.0,80.0,80.0,40.0,0.0,80.0,12495.238095238095,airunit-257c9cb1-9ab8-4215-a642-4cd8cc622792
508,17.583333333332746,40.0,-19.68,20.0,13120.0,25.81382602218617,65.0,78.94225288561287,40.0,-19.68,57.78268096824079,20.0,6720.0,20.0,80.0,80.0,40.0,0.0,80.0,12495.238095238095,airunit-257c9cb1-9ab8-4215-a642-4cd8cc622792
509,17.499999999999414,40.0,-19.68,20.0,13120.0,25.7306877619643,65.0,78.94203242705908,40.0,-19.68,57.77805133861117,20.0,6720.0,20.0,80.0,80.0,40.0,0.0,80.0,12495.238095238095,airunit-257c9cb1-9ab8-4215-a642-4cd8cc622792
510,17.41666666666608,40.0,-19.68,20.0,13120.0,25.647547551011318,65.0,78.94181196850529,40.0,-19.68,57.773421708981544,20.0,6720.0,20.0,80.0,80.0,40.0,0.0,80.0,12495.238095238095,airunit-257c9cb1-9ab8-4215-a642-4cd8cc622792
511,17.33333333333275,40.0,-19.68,20.0,13120.0,25.56440540883453,65.0,78.9415915099515,40.0,-19.68,57.76879207935192,20.0,6720.0,20.0,80.0,80.0,40.0,0.0,80.0,12495.238095238095,airunit-257c9cb1-9ab8-4215-a642-4cd8cc622792
512,17.249999999999417,40.0,-19.68,20.0,13120.0,25.48126135474618,65.0,78.94137105139771,40.0,-19.68,57.7641624497223,20.0,6720.0,20.0,80.0,80.0,40.0,0.0,80.0,12495.238095238095,airunit-257c9cb1-9ab8-4215-a642-4cd8cc622792
513,17.166666666666085,40.0,-19.68,20.0,13120.0,25.39811540786538,65.0,78.94115059284391,40.0,-19.68,57.759532820092666,20.0,6720.0,20.0,80.0,80.0,40.0,0.0,80.0,12495.238095238095,airunit-257c9cb1-9ab8-4215-a642-4cd8cc622792
514,17.083333333332753,40.0,-19.68,20.0,13120.0,25.31496758712005,65.0,78.94093013429011,40.0,-19.68,57.75490319046304,20.0,6720.0,20.0,80.0,80.0,40.0,0.0,80.0,12495.238095238095,airunit-257c9cb1-9ab8-4215-a642-4cd8cc622792
515,16.99999999999942,40.0,-19.68,20.0,13120.0,25.231817911248847,65.0,78.94070967573633,40.0,-19.68,57.75027356083341,20.0,6720.0,20.0,80.0,80.0,40.0,0.0,80.0,12495.238095238095,airunit-257c9cb1-9ab8-4215-a642-4cd8cc622792
516,16.91666666666609,40.0,-19.68,20.0,13120.0,25.14866639880302,65.0,78.94048921718253,40.0,-19.68,57.74564393120378,20.0,6720.0,20.0,80.0,80.0,40.0,0.0,80.0,12495.238095238095,airunit-257c9cb1-9ab8-4215-a642-4cd8cc622792
517,16.833333333332757,40.0,-19.68,20.0,13120.0,25.065513068148316,65.0,78.94026875862875,40.0,-19.68,57.74101430157416,20.0,6720.0,20.0,80.0,80.0,40.0,0.0,80.0,12495.238095238095,airunit-257c9cb1-9ab8-4215-a642-4cd8cc622792
518,16.749999999999424,40.0,-19.68,20.0,13120.0,24.982357937466826,65.0,78.94004830007495,40.0,-19.68,57.736384671944535,20.0,6720.0,20.0,80.0,80.0,40.0,0.0,80.0,12495.238095238095,airunit-257c9cb1-9ab8-4215-a642-4cd8cc622792
519,16.666666666666092,40.0,-19.68,20.0,13120.0,24.89920102475882,65.0,78.93982784152116,40.0,-19.68,57.73175504231491,20.0,6720.0,20.0,80.0,80.0,40.0,0.0,80.0,12495.238095238095,airunit-257c9cb1-9ab8-4215-a642-4cd8cc622792
520,16.58333333333276,40.0,-19.68,20.0,13120.0,24.81604234784456,65.0,78.93960738296737,40.0,-19.68,57.72712541268529,20.0,6720.0,20.0,80.0,80.0,40.0,0.0,80.0,12495.238095238095,airunit-257c9cb1-9ab8-4215-a642-4cd8cc622792
521,16.499999999999428,40.0,-19.68,20.0,13120.0,24.73288192436611,65.0,78.93938692441358,40.0,-19.68,57.722495783055656,20.0,6720.0,20.0,80.0,80.0,40.0,0.0,80.0,12495.238095238095,airunit-257c9cb1-9ab8-4215-a642-4cd8cc622792
522,16.416666666666096,40.0,-19.68,20.0,13120.0,24.649719771789112,65.0,78.93916646585978,40.0,-19.68,57.71786615342603,20.0,6720.0,20.0,80.0,80.0,40.0,0.0,80.0,12495.238095238095,airunit-257c9cb1-9ab8-4215-a642-4cd8cc622792
523,16.333333333332764,40.0,-19.68,20.0,13120.0,24.56655590740455,65.0,78.938946007306,40.0,-19.68,57.713236523796404,20.0,6720.0,20.0,80.0,80.0,40.0,0.0,80.0,12495.238095238095,airunit-257c9cb1-9ab8-4215-a642-4cd8cc622792
524,16.24999999999943,40.0,-19.68,20.0,13120.0,24.4833903483305,65.0,78.9387255487522,40.0,-19.68,57.70860689416677,20.0,6720.0,20.0,80.0,80.0,40.0,0.0,80.0,12495.238095238095,airunit-257c9cb1-9ab8-4215-a642-4cd8cc622792
525,16.1666666666661,40.0,-19.68,20.0,13120.0,24.400223111513856,65.0,78.9385050901984,40.0,-19.68,57.70397726453715,20.0,6720.0,20.0,80.0,80.0,40.0,0.0,80.0,12495.238095238095,airunit-257c9cb1-9ab8-4215-a642-4cd8cc622792
526,16.083333333332767,40.0,-19.68,20.0,13120.0,24.317054213732046,65.0,78.93828463164462,40.0,-19.68,57.699347634907525,20.0,6720.0,20.0,80.0,80.0,40.0,0.0,80.0,12495.238095238095,airunit-257c9cb1-9ab8-4215-a642-4cd8cc622792
527,15.999999999999433,40.0,-19.68,20.0,13120.0,24.233883671594718,65.0,78.93806417309082,40.0,-19.68,57.6947180052779,20.0,6720.0,20.0,80.0,80.0,40.0,0.0,80.0,12495.238095238095,airunit-257c9cb1-9ab8-4215-a642-4cd8cc622792
528,15.9166666666661,40.0,-19.68,20.0,13120.0,24.15071150154543,65.0,78.93784371453704,40.0,-19.68,57.69008837564828,20.0,6720.0,20.0,80.0,80.0,40.0,0.0,80.0,12495.238095238095,airunit-257c9cb1-9ab8-4215-a642-4cd8cc622792
529,15.833333333332765,40.0,-19.68,20.0,13120.0,24.067537719863303,65.0,78.93762325598324,40.0,-19.68,57.68545874601865,20.0,6720.0,20.0,80.0,80.0,40.0,0.0,80.0,12495.238095238095,airunit-257c9cb1-9ab8-4215-a642-4cd8cc622792
530,15.749999999999432,40.0,-19.68,20.0,13120.0,23.984362342664664,65.0,78.93740279742946,40.0,-19.68,57.68082911638902,20.0,6720.0,20.0,80.0,80.0,40.0,0.0,80.0,12495.238095238095,airunit-257c9cb1-9ab8-4215-a642-4cd8cc622792
531,15.666666666666098,40.0,-19.68,20.0,13120.0,23.90118538590468,65.0,78.93718233887566,40.0,-19.68,57.676199486759394,20.0,6720.0,20.0,80.0,80.0,40.0,0.0,80.0,12495.238095238095,airunit-257c9cb1-9ab8-4215-a642-4cd8cc622792
532,15.583333333332764,40.0,-19.68,20.0,13120.0,23.81800686537896,65.0,78.93696188032187,40.0,-19.68,57.67156985712976,20.0,6720.0,20.0,80.0,80.0,40.0,0.0,80.0,12495.238095238095,airunit-257c9cb1-9ab8-4215-a642-4cd8cc622792
533,15.49999999999943,40.0,-19.68,20.0,13120.0,23.734826796725162,65.0,78.93674142176808,40.0,-19.68,57.66694022750014,20.0,6720.0,20.0,80.0,80.0,40.0,0.0,80.0,12495.238095238095,airunit-257c9cb1-9ab8-4215-a642-4cd8cc622792
534,15.416666666666096,40.0,-19.68,20.0,13120.0,23.65164519542457,65.0,78.93652096321429,40.0,-19.68,57.662310597870515,20.0,6720.0,20.0,80.0,80.0,40.0,0.0,80.0,12495.238095238095,airunit-257c9cb1-9ab8-4215-a642-4cd8cc622792
535,15.333333333332762,40.0,-19.68,20.0,13120.0,23.56846207680365,65.0,78.9363005046605,40.0,-19.68,57.65768096824089,20.0,6720.0,20.0,80.0,80.0,40.0,0.0,80.0,12495.238095238095,airunit-257c9cb1-9ab8-4215-a642-4cd8cc622792
536,15.249999999999428,40.0,-19.68,20.0,13120.0,23.48527745603561,65.0,78.93608004610671,40.0,-19.68,57.65305133861127,20.0,6720.0,20.0,80.0,80.0,40.0,0.0,80.0,12495.238095238095,airunit-257c9cb1-9ab8-4215-a642-4cd8cc622792
537,15.166666666666094,40.0,-19.68,20.0,13120.0,23.402091348141916,65.0,78.93585958755291,40.0,-19.68,57.64842170898164,20.0,6720.0,20.0,80.0,80.0,40.0,0.0,80.0,12495.238095238095,airunit-257c9cb1-9ab8-4215-a642-4cd8cc622792
538,15.08333333333276,40.0,-19.68,20.0,13120.0,23.318903767993824,65.0,78.93563912899911,40.0,-19.68,57.64379207935201,20.0,6720.0,20.0,80.0,80.0,40.0,0.0,80.0,12495.238095238095,airunit-257c9cb1-9ab8-4215-a642-4cd8cc622792
539,14.999999999999426,40.0,-19.68,20.0,13120.0,23.23571473031388,65.0,78.93541867044533,40.0,-19.68,57.639162449722384,20.0,6720.0,20.0,80.0,80.0,40.0,0.0,80.0,12495.238095238095,airunit-257c9cb1-9ab8-4215-a642-4cd8cc622792
540,14.916666666666092,40.0,-19.68,20.0,13120.0,23.152524249677402,65.0,78.93519821189153,40.0,-19.68,57.63453282009275,20.0,6720.0,20.0,80.0,80.0,40.0,0.0,80.0,12495.238095238095,airunit-257c9cb1-9ab8-4215-a642-4cd8cc622792
541,14.833333333332758,40.0,-19.68,20.0,13120.0,23.069332340513956,65.0,78.93497775333775,40.0,-19.68,57.62990319046313,20.0,6720.0,20.0,80.0,80.0,40.0,0.0,80.0,12495.238095238095,airunit-257c9cb1-9ab8-4215-a642-4cd8cc622792
542,14.749999999999424,40.0,-19.68,20.0,13120.0,22.986139017108812,65.0,78.93475729478395,40.0,-19.68,57.625273560833506,20.0,6720.0,20.0,80.0,80.0,40.0,0.0,80.0,12495.238095238095,airunit-257c9cb1-9ab8-4215-a642-4cd8cc622792
543,14.66666666666609,40.0,-19.68,20.0,13120.0,22.902944293604385,65.0,78.93453683623017,40.0,-19.68,57.62064393120388,20.0,6720.0,20.0,80.0,80.0,40.0,0.0,80.0,12495.238095238095,airunit-257c9cb1-9ab8-4215-a642-4cd8cc622792
544,14.583333333332757,40.0,-19.68,20.0,13120.0,22.819748184001668,65.0,78.93431637767637,40.0,-19.68,57.61601430157426,20.0,6720.0,20.0,80.0,80.0,40.0,0.0,80.0,12495.238095238095,airunit-257c9cb1-9ab8-4215-a642-4cd8cc622792
545,14.499999999999423,40.0,-19.68,20.0,13120.0,22.736550702161644,65.0,78.93409591912258,40.0,-19.68,57.61138467194463,20.0,6720.0,20.0,80.0,80.0,40.0,0.0,80.0,12495.238095238095,airunit-257c9cb1-9ab8-4215-a642-4cd8cc622792
546,14.416666666666089,40.0,-19.68,20.0,13120.0,22.653351861806687,65.0,78.93387546056879,40.0,-19.68,57.606755042315,20.0,6720.0,20.0,80.0,80.0,40.0,0.0,80.0,12495.238095238095,airunit-257c9cb1-9ab8-4215-a642-4cd8cc622792
547,14.333333333332755,40.0,-19.68,20.0,13120.0,22.57015167652195,65.0,78.933655002015,40.0,-19.68,57.602125412685375,20.0,6720.0,20.0,80.0,80.0,40.0,0.0,80.0,12495.238095238095,airunit-257c9cb1-9ab8-4215-a642-4cd8cc622792
548,14.249999999999421,40.0,-19.68,20.0,13120.0,22.486950159756724,65.0,78.9334345434612,40.0,-19.68,57.59749578305574,20.0,6720.0,20.0,80.0,80.0,40.0,0.0,80.0,12495.238095238095,airunit-257c9cb1-9ab8-4215-a642-4cd8cc622792
549,14.166666666666087,40.0,-19.68,20.0,13120.0,22.40374732482582,65.0,78.9332140849074,40.0,-19.68,57.59286615342612,20.0,6720.0,20.0,80.0,80.0,40.0,0.0,80.0,12495.238095238095,airunit-257c9cb1-9ab8-4215-a642-4cd8cc622792
550,14.083333333332753,40.0,-19.68,20.0,13120.0,22.32054318491089,65.0,78.93299362635362,40.0,-19.68,57.588236523796496,20.0,6720.0,20.0,80.0,80.0,40.0,0.0,80.0,12495.238095238095,airunit-257c9cb1-9ab8-4215-a642-4cd8cc622792
551,13.99999999999942,40.0,-19.68,20.0,13120.0,22.237337753061773,65.0,78.93277316779982,40.0,-19.68,57.58360689416687,20.0,6720.0,20.0,80.0,80.0,40.0,0.0,80.0,12495.238095238095,airunit-257c9cb1-9ab8-4215-a642-4cd8cc622792
552,13.916666666666085,40.0,-19.68,20.0,13120.0,22.154131042197815,65.0,78.93255270924604,40.0,-19.68,57.57897726453725,20.0,6720.0,20.0,80.0,80.0,40.0,0.0,80.0,12495.238095238095,airunit-257c9cb1-9ab8-4215-a642-4cd8cc622792
553,13.833333333332751,40.0,-19.68,20.0,13120.0,22.070923065109163,65.0,78.93233225069224,40.0,-19.68,57.57434763490762,20.0,6720.0,20.0,80.0,80.0,40.0,0.0,80.0,12495.238095238095,airunit-257c9cb1-9ab8-4215-a642-4cd8cc622792
554,13.749999999999417,40.0,-19.68,20.0,13120.0,21.987713834458066,65.0,78.93211179213846,40.0,-19.68,57.56971800527799,20.0,6720.0,20.0,80.0,80.0,40.0,0.0,80.0,12495.238095238095,airunit-257c9cb1-9ab8-4215-a642-4cd8cc622792
555,13.666666666666083,40.0,-19.68,20.0,13120.0,21.904503362780147,65.0,78.93189133358466,40.0,-19.68,57.565088375648365,20.0,6720.0,20.0,80.0,80.0,40.0,0.0,80.0,12495.238095238095,airunit-257c9cb1-9ab8-4215-a642-4cd8cc622792
556,13.58333333333275,40.0,-19.68,20.0,13120.0,21.821291662485674,65.0,78.93167087503087,40.0,-19.68,57.56045874601873,20.0,6720.0,20.0,80.0,80.0,40.0,0.0,80.0,12495.238095238095,airunit-257c9cb1-9ab8-4215-a642-4cd8cc622792
557,13.499999999999416,40.0,-19.68,20.0,13120.0,21.73807874586081,65.0,78.93145041647708,40.0,-19.68,57.55582911638911,20.0,6720.0,20.0,80.0,80.0,40.0,0.0,80.0,12495.238095238095,airunit-257c9cb1-9ab8-4215-a642-4cd8cc622792
558,13.416666666666082,40.0,-19.68,20.0,13120.0,21.654864625068864,65.0,78.93122995792329,40.0,-19.68,57.55119948675949,20.0,6720.0,20.0,80.0,80.0,40.0,0.0,80.0,12495.238095238095,airunit-257c9cb1-9ab8-4215-a642-4cd8cc622792
559,13.333333333332748,40.0,-19.68,20.0,13120.0,21.571649312151504,65.0,78.9310094993695,40.0,-19.68,57.54656985712986,20.0,6720.0,20.0,80.0,80.0,40.0,0.0,80.0,12495.238095238095,airunit-257c9cb1-9ab8-4215-a642-4cd8cc622792
560,13.249999999999414,40.0,-19.68,20.0,13120.0,21.48843281902998,65.0,78.93078904081571,40.0,-19.68,57.54194022750024,20.0,6720.0,20.0,80.0,80.0,40.0,0.0,80.0,12495.238095238095,airunit-257c9cb1-9ab8-4215-a642-4cd8cc622792
561,13.16666666666608,40.0,-19.68,20.0,13120.0,21.40521515750634,65.0,78.93056858226191,40.0,-19.68,57.53731059787061,20.0,6720.0,20.0,80.0,80.0,40.0,0.0,80.0,12495.238095238095,airunit-257c9cb1-9ab8-4215-a642-4cd8cc622792
562,13.083333333332746,40.0,-19.68,20.0,13120.0,21.321996339264604,65.0,78.93034812370811,40.0,-19.68,57.53268096824098,20.0,6720.0,20.0,80.0,80.0,40.0,0.0,80.0,12495.238095238095,airunit-257c9cb1-9ab8-4215-a642-4cd8cc622792
563,12.999999999999412,40.0,-19.68,20.0,13120.0,21.238776375871954,65.0,78.93012766515433,40.0,-19.68,57.528051338611355,20.0,6720.0,20.0,80.0,80.0,40.0,0.0,80.0,12495.238095238095,airunit-257c9cb1-9ab8-4215-a642-4cd8cc622792
564,12.916666666666078,40.0,-19.68,20.0,13120.0,21.155555278779897,65.0,78.92990720660053,40.0,-19.68,57.52342170898172,20.0,6720.0,20.0,80.0,80.0,40.0,0.0,80.0,12495.238095238095,airunit-257c9cb1-9ab8-4215-a642-4cd8cc622792
565,12.833333333332744,40.0,-19.68,20.0,13120.0,21.072333059325427,65.0,78.92968674804675,40.0,-19.68,57.5187920793521,20.0,6720.0,20.0,80.0,80.0,40.0,0.0,80.0,12495.238095238095,airunit-257c9cb1-9ab8-4215-a642-4cd8cc622792
566,12.74999999999941,40.0,-19.68,20.0,13120.0,20.989109728732167,65.0,78.92946628949295,40.0,-19.68,57.51416244972248,20.0,6720.0,20.0,80.0,80.0,40.0,0.0,80.0,12495.238095238095,airunit-257c9cb1-9ab8-4215-a642-4cd8cc622792
567,12.666666666666076,40.0,-19.68,20.0,13120.0,20.905885298111507,65.0,78.92924583093917,40.0,-19.68,57.50953282009285,20.0,6720.0,20.0,80.0,80.0,40.0,0.0,80.0,12495.238095238095,airunit-257c9cb1-9ab8-4215-a642-4cd8cc622792
568,12.583333333332742,40.0,-19.68,20.0,13120.0,20.82265977846372,65.0,78.92902537238537,40.0,-19.68,57.50490319046323,20.0,6720.0,20.0,80.0,80.0,40.0,0.0,80.0,12495.238095238095,airunit-257c9cb1-9ab8-4215-a642-4cd8cc622792
569,12.499999999999408,40.0,-19.68,20.0,13120.0,20.739433180679075,65.0,78.92880491383158,40.0,-19.68,57.5002735608336,20.0,6720.0,20.0,80.0,80.0,40.0,0.0,80.0,12495.238095238095,airunit-257c9cb1-9ab8-4215-a642-4cd8cc622792
570,12.416666666666075,40.0,-19.68,20.0,13120.0,20.656205515538947,65.0,78.92858445527779,40.0,-19.68,57.49564393120397,20.0,6720.0,20.0,80.0,80.0,40.0,0.0,80.0,12495.238095238095,airunit-257c9cb1-9ab8-4215-a642-4cd8cc622792
571,12.33333333333274,40.0,-19.68,20.0,13120.0,20.572976793716883,65.0,78.928363996724,40.0,-19.68,57.491014301574346,20.0,6720.0,20.0,80.0,80.0,40.0,0.0,80.0,12495.238095238095,airunit-257c9cb1-9ab8-4215-a642-4cd8cc622792
572,12.249999999999407,40.0,-19.68,20.0,13120.0,20.489747025779707,65.0,78.9281435381702,40.0,-19.68,57.48638467194471,20.0,6720.0,20.0,80.0,80.0,40.0,0.0,80.0,12495.238095238095,airunit-257c9cb1-9ab8-4215-a642-4cd8cc622792
573,12.166666666666073,40.0,-19.68,20.0,13120.0,20.40651622218857,65.0,78.92792307961642,40.0,-19.68,57.48175504231509,20.0,6720.0,20.0,80.0,80.0,40.0,0.0,80.0,12495.238095238095,airunit-257c9cb1-9ab8-4215-a642-4cd8cc622792
574,12.083333333332739,40.0,-19.68,20.0,13120.0,20.323284393300014,65.0,78.92770262106262,40.0,-19.68,57.47712541268547,20.0,6720.0,20.0,80.0,80.0,40.0,0.0,80.0,12495.238095238095,airunit-257c9cb1-9ab8-4215-a642-4cd8cc622792
575,11.999999999999405,40.0,-19.68,20.0,13120.0,20.240051549367006,65.0,78.92748216250882,40.0,-19.68,57.47249578305584,20.0,6720.0,20.0,80.0,80.0,40.0,0.0,80.0,12495.238095238095,airunit-257c9cb1-9ab8-4215-a642-4cd8cc622792
576,11.916666666666071,40.0,-19.68,20.0,13120.0,20.156817700539996,65.0,78.92726170395504,40.0,-19.68,57.46786615342622,20.0,6720.0,20.0,80.0,80.0,40.0,0.0,80.0,12495.238095238095,airunit-257c9cb1-9ab8-4215-a642-4cd8cc622792
577,11.833333333332737,40.0,-19.68,20.0,13120.0,20.073582856867922,65.0,78.92704124540124,40.0,-19.68,57.46323652379659,20.0,6720.0,20.0,80.0,80.0,40.0,0.0,80.0,12495.238095238095,airunit-257c9cb1-9ab8-4215-a642-4cd8cc622792
578,11.749999999999403,40.0,-19.68,20.0,13120.0,19.990347028299237,65.0,78.92682078684746,40.0,-19.68,57.45860689416696,20.0,6720.0,20.0,80.0,80.0,40.0,0.0,80.0,12495.238095238095,airunit-257c9cb1-9ab8-4215-a642-4cd8cc622792
579,11.66666666666607,40.0,-19.68,20.0,13120.0,19.907110224682906,65.0,78.92660032829366,40.0,-19.68,57.453977264537336,20.0,6720.0,20.0,80.0,80.0,40.0,0.0,80.0,12495.238095238095,airunit-257c9cb1-9ab8-4215-a642-4cd8cc622792
580,11.583333333332735,40.0,-19.68,20.0,13120.0,19.823872455769404,65.0,78.92637986973988,40.0,-19.68,57.4493476349077,20.0,6720.0,20.0,80.0,80.0,40.0,0.0,80.0,12495.238095238095,airunit-257c9cb1-9ab8-4215-a642-4cd8cc622792
581,11.499999999999401,40.0,-19.68,20.0,13120.0,19.740633731211705,65.0,78.92615941118608,40.0,-19.68,57.444718005278084,20.0,6720.0,20.0,80.0,80.0,40.0,0.0,80.0,12495.238095238095,airunit-257c9cb1-9ab8-4215-a642-4cd8cc622792
582,11.416666666666067,40.0,-19.68,20.0,13120.0,19.657394060566247,65.0,78.9259389526323,40.0,-19.68,57.44008837564846,20.0,6720.0,20.0,80.0,80.0,40.0,0.0,80.0,12495.238095238095,airunit-257c9cb1-9ab8-4215-a642-4cd8cc622792
583,11.333333333332734,40.0,-19.68,20.0,13120.0,19.574153453293913,65.0,78.9257184940785,40.0,-19.68,57.43545874601883,20.0,6720.0,20.0,80.0,80.0,40.0,0.0,80.0,12495.238095238095,airunit-257c9cb1-9ab8-4215-a642-4cd8cc622792
584,11.2499999999994,40.0,-19.68,20.0,13120.0,19.49091191876097,65.0,78.92549803552471,40.0,-19.68,57.43082911638921,20.0,6720.0,20.0,80.0,80.0,40.0,0.0,80.0,12495.238095238095,airunit-257c9cb1-9ab8-4215-a642-4cd8cc622792
585,11.166666666666066,40.0,-19.68,20.0,13120.0,19.40766946624002,65.0,78.92527757697091,40.0,-19.68,57.42619948675958,20.0,6720.0,20.0,80.0,80.0,40.0,0.0,80.0,12495.238095238095,airunit-257c9cb1-9ab8-4215-a642-4cd8cc622792
586,11.083333333332732,40.0,-19.68,20.0,13120.0,19.324426104910945,65.0,78.92505711841712,40.0,-19.68,57.42156985712995,20.0,6720.0,20.0,80.0,80.0,40.0,0.0,80.0,12495.238095238095,airunit-257c9cb1-9ab8-4215-a642-4cd8cc622792
587,10.999999999999398,40.0,-19.68,20.0,13120.0,19.241181843861828,65.0,78.92483665986333,40.0,-19.68,57.416940227500326,20.0,6720.0,20.0,80.0,80.0,40.0,0.0,80.0,12495.238095238095,airunit-257c9cb1-9ab8-4215-a642-4cd8cc622792
588,10.916666666666064,40.0,-19.68,20.0,13120.0,19.15793669208987,65.0,78.92461620130953,40.0,-19.68,57.41231059787069,20.0,6720.0,20.0,80.0,80.0,40.0,0.0,80.0,12495.238095238095,airunit-257c9cb1-9ab8-4215-a642-4cd8cc622792
589,10.83333333333273,40.0,-19.68,20.0,13120.0,19.0746906585023,65.0,78.92439574275575,40.0,-19.68,57.407680968241074,20.0,6720.0,20.0,80.0,80.0,40.0,0.0,80.0,12495.238095238095,airunit-257c9cb1-9ab8-4215-a642-4cd8cc622792
590,10.749999999999396,40.0,-19.68,20.0,13120.0,18.99144375191727,65.0,78.92417528420195,40.0,-19.68,57.40305133861145,20.0,6720.0,20.0,80.0,80.0,40.0,0.0,80.0,12495.238095238095,airunit-257c9cb1-9ab8-4215-a642-4cd8cc622792
591,10.666666666666062,40.0,-19.68,20.0,13120.0,18.908195981064758,65.0,78.92395482564817,40.0,-19.68,57.39842170898182,20.0,6720.0,20.0,80.0,80.0,40.0,0.0,80.0,12495.238095238095,airunit-257c9cb1-9ab8-4215-a642-4cd8cc622792
592,10.583333333332728,40.0,-19.68,20.0,13120.0,18.824947354587437,65.0,78.92373436709437,40.0,-19.68,57.3937920793522,20.0,6720.0,20.0,80.0,80.0,40.0,0.0,80.0,12495.238095238095,airunit-257c9cb1-9ab8-4215-a642-4cd8cc622792
593,10.499999999999394,40.0,-19.68,20.0,13120.0,18.741697881041556,65.0,78.92351390854058,40.0,-19.68,57.38916244972257,20.0,6720.0,20.0,80.0,80.0,40.0,0.0,80.0,12495.238095238095,airunit-257c9cb1-9ab8-4215-a642-4cd8cc622792
594,10.41666666666606,40.0,-19.68,20.0,13120.0,18.658447568897802,65.0,78.92329344998679,40.0,-19.68,57.38453282009294,20.0,6720.0,20.0,80.0,80.0,40.0,0.0,80.0,12495.238095238095,airunit-257c9cb1-9ab8-4215-a642-4cd8cc622792
595,10.333333333332726,40.0,-19.68,20.0,13120.0,18.575196426542153,65.0,78.923072991433,40.0,-19.68,57.37990319046332,20.0,6720.0,20.0,80.0,80.0,40.0,0.0,80.0,12495.238095238095,airunit-257c9cb1-9ab8-4215-a642-4cd8cc622792
596,10.249999999999392,40.0,-19.68,20.0,13120.0,18.491944462276724,65.0,78.9228525328792,40.0,-19.68,57.37527356083368,20.0,6720.0,20.0,80.0,80.0,40.0,0.0,80.0,12495.238095238095,airunit-257c9cb1-9ab8-4215-a642-4cd8cc622792
597,10.166666666666059,40.0,-19.68,20.0,13120.0,18.408691684320615,65.0,78.92263207432542,40.0,-19.68,57.370643931204064,20.0,6720.0,20.0,80.0,80.0,40.0,0.0,80.0,12495.238095238095,airunit-257c9cb1-9ab8-4215-a642-4cd8cc622792
598,10.083333333332725,40.0,-19.68,20.0,13120.0,18.325438100810736,65.0,78.92241161577162,40.0,-19.68,57.36601430157444,20.0,6720.0,20.0,80.0,80.0,40.0,0.0,80.0,12495.238095238095,airunit-257c9cb1-9ab8-4215-a642-4cd8cc622792
599,9.99999999999939,40.0,-19.68,20.0,13120.0,18.24218371980262,65.0,78.92219115721782,40.0,-19.68,57.36138467194481,20.0,6720.0,20.0,80.0,80.0,40.0,0.0,80.0,12495.238095238095,airunit-257c9cb1-9ab8-4215-a642-4cd8cc622792
600,9.916666666666057,40.0,-19.68,20.0,13120.0,18.158928549271256,65.0,78.92197069866404,40.0,-19.68,57.35675504231519,20.0,6720.0,20.0,80.0,80.0,40.0,0.0,80.0,12495.238095238095,airunit-257c9cb1-9ab8-4215-a642-4cd8cc622792
601,9.833333333332723,40.0,-19.68,20.0,13120.0,18.075672597111872,65.0,78.92175024011024,40.0,-19.68,57.35212541268556,20.0,6720.0,20.0,80.0,80.0,40.0,0.0,80.0,12495.238095238095,airunit-257c9cb1-9ab8-4215-a642-4cd8cc622792
602,9.749999999999389,40.0,-19.68,20.0,13120.0,17.992415871140746,65.0,78.92152978155646,40.0,-19.68,57.34749578305593,20.0,6720.0,20.0,80.0,80.0,40.0,0.0,80.0,12495.238095238095,airunit-257c9cb1-9ab8-4215-a642-4cd8cc622792
603,9.666666666666055,40.0,-19.68,20.0,13120.0,17.909158379096,65.0,78.92130932300266,40.0,-19.68,57.34286615342631,20.0,6720.0,20.0,80.0,80.0,40.0,0.0,80.0,12495.238095238095,airunit-257c9cb1-9ab8-4215-a642-4cd8cc622792
604,9.583333333332721,40.0,-19.68,20.0,13120.0,17.825900128638366,65.0,78.92108886444888,40.0,-19.68,57.338236523796674,20.0,6720.0,20.0,80.0,80.0,40.0,0.0,80.0,12495.238095238095,airunit-257c9cb1-9ab8-4215-a642-4cd8cc622792
605,9.499999999999387,40.0,-19.68,20.0,13120.0,17.742641127351977,65.0,78.92086840589508,40.0,-19.68,57.333606894167055,20.0,6720.0,20.0,80.0,80.0,40.0,0.0,80.0,12495.238095238095,airunit-257c9cb1-9ab8-4215-a642-4cd8cc622792
606,9.416666666666053,40.0,-19.68,20.0,13120.0,17.659381382745117,65.0,78.9206479473413,40.0,-19.68,57.32897726453743,20.0,6720.0,20.0,80.0,80.0,40.0,0.0,80.0,12495.238095238095,airunit-257c9cb1-9ab8-4215-a642-4cd8cc622792
607,9.33333333333272,40.0,-19.68,20.0,13120.0,17.57612090225099,65.0,78.92042748878748,40.0,-19.68,57.3243476349078,20.0,6720.0,20.0,80.0,80.0,40.0,0.0,80.0,12495.238095238095,airunit-257c9cb1-9ab8-4215-a642-4cd8cc622792
608,9.249999999999385,40.0,-19.68,20.0,13120.0,17.492859693228475,65.0,78.9202070302337,40.0,-19.68,57.31971800527818,20.0,6720.0,20.0,80.0,80.0,40.0,0.0,80.0,12495.238095238095,airunit-257c9cb1-9ab8-4215-a642-4cd8cc622792
609,9.166666666666051,40.0,-19.68,20.0,13120.0,17.40959776296285,65.0,78.91998657167991,40.0,-19.68,57.31508837564855,20.0,6720.0,20.0,80.0,80.0,40.0,0.0,80.0,12495.238095238095,airunit-257c9cb1-9ab8-4215-a642-4cd8cc622792
610,9.083333333332718,40.0,-19.68,20.0,13120.0,17.32633511866655,65.0,78.91976611312612,40.0,-19.68,57.310458746018924,20.0,6720.0,20.0,80.0,80.0,40.0,0.0,80.0,12495.238095238095,airunit-257c9cb1-9ab8-4215-a642-4cd8cc622792
611,8.999999999999384,40.0,-19.68,20.0,13120.0,17.243071767479876,65.0,78.91954565457232,40.0,-19.68,57.3058291163893,20.0,6720.0,20.0,80.0,80.0,40.0,0.0,80.0,12495.238095238095,airunit-257c9cb1-9ab8-4215-a642-4cd8cc622792
612,8.91666666666605,40.0,-19.68,20.0,13120.0,17.159807716471736,65.0,78.91932519601853,40.0,-19.68,57.301199486759664,20.0,6720.0,20.0,80.0,80.0,40.0,0.0,80.0,12495.238095238095,airunit-257c9cb1-9ab8-4215-a642-4cd8cc622792
613,8.833333333332716,40.0,-19.68,20.0,13120.0,17.076542972640347,65.0,78.91910473746474,40.0,-19.68,57.296569857130045,20.0,6720.0,20.0,80.0,80.0,40.0,0.0,80.0,12495.238095238095,airunit-257c9cb1-9ab8-4215-a642-4cd8cc622792
614,8.749999999999382,40.0,-19.68,20.0,13120.0,16.993277542913937,65.0,78.91888427891095,40.0,-19.68,57.29194022750042,20.0,6720.0,20.0,80.0,80.0,40.0,0.0,80.0,12495.238095238095,airunit-257c9cb1-9ab8-4215-a642-4cd8cc622792
615,8.666666666666048,40.0,-19.68,20.0,13120.0,16.910011434151457,65.0,78.91866382035715,40.0,-19.68,57.28731059787079,20.0,6720.0,20.0,80.0,80.0,40.0,0.0,80.0,12495.238095238095,airunit-257c9cb1-9ab8-4215-a642-4cd8cc622792
616,8.583333333332714,40.0,-19.68,20.0,13120.0,16.82674465314327,65.0,78.91844336180337,40.0,-19.68,57.28268096824117,20.0,6720.0,20.0,80.0,80.0,40.0,0.0,80.0,12495.238095238095,airunit-257c9cb1-9ab8-4215-a642-4cd8cc622792
617,8.49999999999938,40.0,-19.68,20.0,13120.0,16.74347720661183,65.0,78.91822290324957,40.0,-19.68,57.27805133861154,20.0,6720.0,20.0,80.0,80.0,40.0,0.0,80.0,12495.238095238095,airunit-257c9cb1-9ab8-4215-a642-4cd8cc622792
618,8.416666666666046,40.0,-19.68,20.0,13120.0,16.66020910121237,65.0,78.91800244469579,40.0,-19.68,57.273421708981914,20.0,6720.0,20.0,80.0,80.0,40.0,0.0,80.0,12495.238095238095,airunit-257c9cb1-9ab8-4215-a642-4cd8cc622792
619,8.333333333332712,40.0,-19.68,20.0,13120.0,16.576940343533572,65.0,78.91778198614199,40.0,-19.68,57.26879207935229,20.0,6720.0,20.0,80.0,80.0,40.0,0.0,80.0,12495.238095238095,airunit-257c9cb1-9ab8-4215-a642-4cd8cc622792
620,8.249999999999378,40.0,-19.68,20.0,13120.0,16.49367094009823,65.0,78.91756152758819,40.0,-19.68,57.264162449722654,20.0,6720.0,20.0,80.0,80.0,40.0,0.0,80.0,12495.238095238095,airunit-257c9cb1-9ab8-4215-a642-4cd8cc622792
621,8.166666666666044,40.0,-19.68,20.0,13120.0,16.410400897363907,65.0,78.9173410690344,40.0,-19.68,57.259532820093035,20.0,6720.0,20.0,80.0,80.0,40.0,0.0,80.0,12495.238095238095,airunit-257c9cb1-9ab8-4215-a642-4cd8cc622792
622,8.08333333333271,40.0,-19.68,20.0,13120.0,16.327130221723596,65.0,78.91712061048061,40.0,-19.68,57.25490319046341,20.0,6720.0,20.0,80.0,80.0,40.0,0.0,80.0,12495.238095238095,airunit-257c9cb1-9ab8-4215-a642-4cd8cc622792
623,7.999999999999377,40.0,-19.68,20.0,13120.0,16.243858919506355,65.0,78.91690015192682,40.0,-19.68,57.25027356083378,20.0,6720.0,20.0,80.0,80.0,40.0,0.0,80.0,12495.238095238095,airunit-257c9cb1-9ab8-4215-a642-4cd8cc622792
624,7.916666666666044,40.0,-19.68,20.0,13120.0,16.16058699697795,65.0,78.91667969337303,40.0,-19.68,57.245643931204164,20.0,6720.0,20.0,80.0,80.0,40.0,0.0,80.0,12495.238095238095,airunit-257c9cb1-9ab8-4215-a642-4cd8cc622792
625,7.833333333332711,40.0,-19.68,20.0,13120.0,16.077314460341498,65.0,78.91645923481924,40.0,-19.68,57.24101430157453,20.0,6720.0,20.0,80.0,80.0,40.0,0.0,80.0,12495.238095238095,airunit-257c9cb1-9ab8-4215-a642-4cd8cc622792
626,7.749999999999378,40.0,-19.68,20.0,13120.0,15.994041315738077,65.0,78.91623877626544,40.0,-19.68,57.236384671944904,20.0,6720.0,20.0,80.0,80.0,40.0,0.0,80.0,12495.238095238095,airunit-257c9cb1-9ab8-4215-a642-4cd8cc622792
627,7.666666666666045,40.0,-19.68,20.0,13120.0,15.910767569247357,65.0,78.91601831771166,40.0,-19.68,57.23175504231528,20.0,6720.0,20.0,80.0,80.0,40.0,0.0,80.0,12495.238095238095,airunit-257c9cb1-9ab8-4215-a642-4cd8cc622792
628,7.583333333332712,40.0,-19.68,20.0,13120.0,15.82749322688821,65.0,78.91579785915786,40.0,-19.68,57.227125412685645,20.0,6720.0,20.0,80.0,80.0,40.0,0.0,80.0,12495.238095238095,airunit-257c9cb1-9ab8-4215-a642-4cd8cc622792
629,7.499999999999379,40.0,-19.68,20.0,13120.0,15.744218294619321,65.0,78.91557740060408,40.0,-19.68,57.222495783056026,20.0,6720.0,20.0,80.0,80.0,40.0,0.0,80.0,12495.238095238095,airunit-257c9cb1-9ab8-4215-a642-4cd8cc622792
630,7.416666666666046,40.0,-19.68,20.0,13120.0,15.660942778339788,65.0,78.91535694205028,40.0,-19.68,57.2178661534264,20.0,6720.0,20.0,80.0,80.0,40.0,0.0,80.0,12495.238095238095,airunit-257c9cb1-9ab8-4215-a642-4cd8cc622792
631,7.333333333332713,40.0,-19.68,20.0,13120.0,15.577666683889717,65.0,78.91513648349648,40.0,-19.68,57.21323652379677,20.0,6720.0,20.0,80.0,80.0,40.0,0.0,80.0,12495.238095238095,airunit-257c9cb1-9ab8-4215-a642-4cd8cc622792
632,7.24999999999938,40.0,-19.68,20.0,13120.0,15.494390017050813,65.0,78.9149160249427,40.0,-19.68,57.208606894167154,20.0,6720.0,20.0,80.0,80.0,40.0,0.0,80.0,12495.238095238095,airunit-257c9cb1-9ab8-4215-a642-4cd8cc622792
633,7.166666666666047,40.0,-19.68,20.0,13120.0,15.411112783546965,65.0,78.9146955663889,40.0,-19.68,57.20397726453752,20.0,6720.0,20.0,80.0,80.0,40.0,0.0,80.0,12495.238095238095,airunit-257c9cb1-9ab8-4215-a642-4cd8cc622792
634,7.083333333332714,40.0,-19.68,20.0,13120.0,15.327834989044822,65.0,78.91447510783512,40.0,-19.68,57.199347634907895,20.0,6720.0,20.0,80.0,80.0,40.0,0.0,80.0,12495.238095238095,airunit-257c9cb1-9ab8-4215-a642-4cd8cc622792
635,6.999999999999381,40.0,-19.68,20.0,13120.0,15.244556639154368,65.0,78.91425464928132,40.0,-19.68,57.19471800527827,20.0,6720.0,20.0,80.0,80.0,40.0,0.0,80.0,12495.238095238095,airunit-257c9cb1-9ab8-4215-a642-4cd8cc622792
636,6.916666666666048,40.0,-19.68,20.0,13120.0,15.161277739429485,65.0,78.91403419072753,40.0,-19.68,57.190088375648635,20.0,6720.0,20.0,80.0,80.0,40.0,0.0,80.0,12495.238095238095,airunit-257c9cb1-9ab8-4215-a642-4cd8cc622792
637,6.833333333332715,40.0,-19.68,20.0,13120.0,15.077998295368516,65.0,78.91381373217374,40.0,-19.68,57.185458746019016,20.0,6720.0,20.0,80.0,80.0,40.0,0.0,80.0,12495.238095238095,airunit-257c9cb1-9ab8-4215-a642-4cd8cc622792
638,6.749999999999382,40.0,-19.68,20.0,13120.0,14.994718312414825,65.0,78.91359327361995,40.0,-19.68,57.18082911638939,20.0,6720.0,20.0,80.0,80.0,40.0,0.0,80.0,12495.238095238095,airunit-257c9cb1-9ab8-4215-a642-4cd8cc622792
639,6.666666666666049,40.0,-19.68,20.0,13120.0,14.911437795957337,65.0,78.91337281506615,40.0,-19.68,57.176199486759764,20.0,6720.0,20.0,80.0,80.0,40.0,0.0,80.0,12495.238095238095,airunit-257c9cb1-9ab8-4215-a642-4cd8cc622792
640,6.583333333332716,40.0,-19.68,20.0,13120.0,14.82815675133109,65.0,78.91315235651237,40.0,-19.68,57.171569857130144,20.0,6720.0,20.0,80.0,80.0,40.0,0.0,80.0,12495.238095238095,airunit-257c9cb1-9ab8-4215-a642-4cd8cc622792
641,6.499999999999383,40.0,-19.68,20.0,13120.0,14.744875183817772,65.0,78.91293189795857,40.0,-19.68,57.16694022750051,20.0,6720.0,20.0,80.0,80.0,40.0,0.0,80.0,12495.238095238095,airunit-257c9cb1-9ab8-4215-a642-4cd8cc622792
642,6.41666666666605,40.0,-19.68,20.0,13120.0,14.661593098646255,65.0,78.91271143940479,40.0,-19.68,57.162310597870885,20.0,6720.0,20.0,80.0,80.0,40.0,0.0,80.0,12495.238095238095,airunit-257c9cb1-9ab8-4215-a642-4cd8cc622792
643,6.333333333332717,40.0,-19.68,20.0,13120.0,14.57831050099312,65.0,78.91249098085099,40.0,-19.68,57.15768096824126,20.0,6720.0,20.0,80.0,80.0,40.0,0.0,80.0,12495.238095238095,airunit-257c9cb1-9ab8-4215-a642-4cd8cc622792
644,6.249999999999384,40.0,-19.68,20.0,13120.0,14.495027395983184,65.0,78.91227052229719,40.0,-19.68,57.153051338611625,20.0,6720.0,20.0,80.0,80.0,40.0,0.0,80.0,12495.238095238095,airunit-257c9cb1-9ab8-4215-a642-4cd8cc622792
645,6.166666666666051,40.0,-19.68,20.0,13120.0,14.411743788690012,65.0,78.91205006374341,40.0,-19.68,57.148421708982006,20.0,6720.0,20.0,80.0,80.0,40.0,0.0,80.0,12495.238095238095,airunit-257c9cb1-9ab8-4215-a642-4cd8cc622792
646,6.0833333333327175,40.0,-19.68,20.0,13120.0,14.328459684136439,65.0,78.91182960518961,40.0,-19.68,57.14379207935238,20.0,6720.0,20.0,80.0,80.0,40.0,0.0,80.0,12495.238095238095,airunit-257c9cb1-9ab8-4215-a642-4cd8cc622792
647,5.9999999999993845,40.0,-19.68,20.0,13120.0,14.245175087295069,65.0,78.91160914663583,40.0,-19.68,57.139162449722754,20.0,6720.0,20.0,80.0,80.0,40.0,0.0,80.0,12495.238095238095,airunit-257c9cb1-9ab8-4215-a642-4cd8cc622792
648,5.9166666666660515,40.0,-19.68,20.0,13120.0,14.161890003088779,65.0,78.91138868808203,40.0,-19.68,57.134532820093135,20.0,6720.0,20.0,80.0,80.0,40.0,0.0,80.0,12495.238095238095,airunit-257c9cb1-9ab8-4215-a642-4cd8cc622792
649,5.833333333332718,40.0,-19.68,20.0,13120.0,14.078604436391219,65.0,78.91116822952824,40.0,-19.68,57.1299031904635,20.0,6720.0,20.0,80.0,80.0,40.0,0.0,80.0,12495.238095238095,airunit-257c9cb1-9ab8-4215-a642-4cd8cc622792
650,5.749999999999385,40.0,-19.68,20.0,13120.0,13.9953183920273,65.0,78.91094777097445,40.0,-19.68,57.125273560833875,20.0,6720.0,20.0,80.0,80.0,40.0,0.0,80.0,12495.238095238095,airunit-257c9cb1-9ab8-4215-a642-4cd8cc622792
651,5.666666666666052,40.0,-19.68,20.0,13120.0,13.912031874773689,65.0,78.91072731242066,40.0,-19.68,57.12064393120425,20.0,6720.0,20.0,80.0,80.0,40.0,0.0,80.0,12495.238095238095,airunit-257c9cb1-9ab8-4215-a642-4cd8cc622792
652,5.583333333332719,40.0,-19.68,20.0,13120.0,13.82874488935928,65.0,78.91050685386686,40.0,-19.68,57.116014301574616,20.0,6720.0,20.0,80.0,80.0,40.0,0.0,80.0,12495.238095238095,airunit-257c9cb1-9ab8-4215-a642-4cd8cc622792
653,5.499999999999386,40.0,-19.68,20.0,13120.0,13.745457440465682,65.0,78.91028639531308,40.0,-19.68,57.111384671945,20.0,6720.0,20.0,80.0,80.0,40.0,0.0,80.0,12495.238095238095,airunit-257c9cb1-9ab8-4215-a642-4cd8cc622792
654,5.416666666666053,40.0,-19.68,20.0,13120.0,13.662169532727685,65.0,78.91006593675928,40.0,-19.68,57.10675504231537,20.0,6720.0,20.0,80.0,80.0,40.0,0.0,80.0,12495.238095238095,airunit-257c9cb1-9ab8-4215-a642-4cd8cc622792
655,5.33333333333272,40.0,-19.68,20.0,13120.0,13.578881170733736,65.0,78.90984547820548,40.0,-19.68,57.102125412685744,20.0,6720.0,20.0,80.0,80.0,40.0,0.0,80.0,12495.238095238095,airunit-257c9cb1-9ab8-4215-a642-4cd8cc622792
656,5.249999999999387,40.0,-19.68,20.0,13120.0,13.495592359026393,65.0,78.9096250196517,40.0,-19.68,57.097495783056125,20.0,6720.0,20.0,80.0,80.0,40.0,0.0,80.0,12495.238095238095,airunit-257c9cb1-9ab8-4215-a642-4cd8cc622792
657,5.166666666666054,40.0,-19.68,20.0,13120.0,13.41230310210279,65.0,78.9094045610979,40.0,-19.68,57.09286615342649,20.0,6720.0,20.0,80.0,80.0,40.0,0.0,80.0,12495.238095238095,airunit-257c9cb1-9ab8-4215-a642-4cd8cc622792
658,5.083333333332721,40.0,-19.68,20.0,13120.0,13.32901340441509,65.0,78.90918410254412,40.0,-19.68,57.088236523796866,20.0,6720.0,20.0,80.0,80.0,40.0,0.0,80.0,12495.238095238095,airunit-257c9cb1-9ab8-4215-a642-4cd8cc622792
659,4.999999999999388,40.0,-19.68,20.0,13120.0,13.245723270370933,65.0,78.90896364399032,40.0,-19.68,57.08360689416724,20.0,6720.0,20.0,80.0,80.0,40.0,0.0,80.0,12495.238095238095,airunit-257c9cb1-9ab8-4215-a642-4cd8cc622792
660,4.916666666666055,40.0,-19.68,20.0,13120.0,13.162432704333884,65.0,78.90874318543653,40.0,-19.68,57.078977264537606,20.0,6720.0,20.0,80.0,80.0,40.0,0.0,80.0,12495.238095238095,airunit-257c9cb1-9ab8-4215-a642-4cd8cc622792
661,4.833333333332722,40.0,-19.68,20.0,13120.0,13.079141710623873,65.0,78.90852272688274,40.0,-19.68,57.07434763490799,20.0,6720.0,20.0,80.0,80.0,40.0,0.0,80.0,12495.238095238095,airunit-257c9cb1-9ab8-4215-a642-4cd8cc622792
662,4.749999999999389,40.0,-19.68,20.0,13120.0,12.995850293517627,65.0,78.90830226832895,40.0,-19.68,57.06971800527836,20.0,6720.0,20.0,80.0,80.0,40.0,0.0,80.0,12495.238095238095,airunit-257c9cb1-9ab8-4215-a642-4cd8cc622792
663,4.666666666666056,40.0,-19.68,20.0,13120.0,12.912558457249112,65.0,78.90808180977515,40.0,-19.68,57.065088375648735,20.0,6720.0,20.0,80.0,80.0,40.0,0.0,80.0,12495.238095238095,airunit-257c9cb1-9ab8-4215-a642-4cd8cc622792
664,4.583333333332723,40.0,-19.68,20.0,13120.0,12.829266206009947,65.0,78.90786135122137,40.0,-19.68,57.060458746019115,20.0,6720.0,20.0,80.0,80.0,40.0,0.0,80.0,12495.238095238095,airunit-257c9cb1-9ab8-4215-a642-4cd8cc622792
665,4.49999999999939,40.0,-19.68,20.0,13120.0,12.745973543949841,65.0,78.90764089266757,40.0,-19.68,57.05582911638948,20.0,6720.0,20.0,80.0,80.0,40.0,0.0,80.0,12495.238095238095,airunit-257c9cb1-9ab8-4215-a642-4cd8cc622792
666,4.416666666666057,40.0,-19.68,20.0,13120.0,12.662680475177003,65.0,78.90742043411379,40.0,-19.68,57.051199486759856,20.0,6720.0,20.0,80.0,80.0,40.0,0.0,80.0,12495.238095238095,airunit-257c9cb1-9ab8-4215-a642-4cd8cc622792
667,4.333333333332724,40.0,-19.68,20.0,13120.0,12.57938700375856,65.0,78.90719997555999,40.0,-19.68,57.04656985713023,20.0,6720.0,20.0,80.0,80.0,40.0,0.0,80.0,12495.238095238095,airunit-257c9cb1-9ab8-4215-a642-4cd8cc622792
668,4.249999999999391,40.0,-19.68,20.0,13120.0,12.496093133720969,65.0,78.90697951700619,40.0,-19.68,57.0419402275006,20.0,6720.0,20.0,80.0,80.0,40.0,0.0,80.0,12495.238095238095,airunit-257c9cb1-9ab8-4215-a642-4cd8cc622792
669,4.166666666666058,40.0,-19.68,20.0,13120.0,12.41279886905042,65.0,78.90675905845241,40.0,-19.68,57.03731059787098,20.0,6720.0,20.0,80.0,80.0,40.0,0.0,80.0,12495.238095238095,airunit-257c9cb1-9ab8-4215-a642-4cd8cc622792
670,4.083333333332725,40.0,-19.68,20.0,13120.0,12.329504213693243,65.0,78.90653859989861,40.0,-19.68,57.03268096824135,20.0,6720.0,20.0,80.0,80.0,40.0,0.0,80.0,12495.238095238095,airunit-257c9cb1-9ab8-4215-a642-4cd8cc622792
671,3.999999999999391,40.0,-19.68,20.0,13120.0,12.246209171556304,65.0,78.90631814134483,40.0,-19.68,57.028051338611725,20.0,6720.0,20.0,80.0,80.0,40.0,0.0,80.0,12495.238095238095,airunit-257c9cb1-9ab8-4215-a642-4cd8cc622792
672,3.9166666666660577,40.0,-19.68,20.0,13120.0,12.162913746507401,65.0,78.90609768279103,40.0,-19.68,57.023421708982106,20.0,6720.0,20.0,80.0,80.0,40.0,0.0,80.0,12495.238095238095,airunit-257c9cb1-9ab8-4215-a642-4cd8cc622792
673,3.833333333332724,40.0,-19.68,20.0,13120.0,12.079617942375654,65.0,78.90587722423724,40.0,-19.68,57.01879207935247,20.0,6720.0,20.0,80.0,80.0,40.0,0.0,80.0,12495.238095238095,airunit-257c9cb1-9ab8-4215-a642-4cd8cc622792
674,3.7499999999993907,40.0,-19.68,20.0,13120.0,11.996321762951892,65.0,78.90565676568345,40.0,-19.68,57.014162449722846,20.0,6720.0,20.0,80.0,80.0,40.0,0.0,80.0,12495.238095238095,airunit-257c9cb1-9ab8-4215-a642-4cd8cc622792
675,3.6666666666660572,40.0,-19.68,20.0,13120.0,11.913025211989034,65.0,78.90543630712966,40.0,-19.68,57.00953282009322,20.0,6720.0,20.0,80.0,80.0,40.0,0.0,80.0,12495.238095238095,airunit-257c9cb1-9ab8-4215-a642-4cd8cc622792
676,3.5833333333327237,40.0,-19.68,20.0,13120.0,11.829728293202471,65.0,78.90521584857586,40.0,-19.68,57.00490319046359,20.0,6720.0,20.0,80.0,80.0,40.0,0.0,80.0,12495.238095238095,airunit-257c9cb1-9ab8-4215-a642-4cd8cc622792
677,3.4999999999993903,40.0,-19.68,20.0,13120.0,11.74643101027044,65.0,78.90499539002208,40.0,-19.68,57.00027356083397,20.0,6720.0,20.0,80.0,80.0,40.0,0.0,80.0,12495.238095238095,airunit-257c9cb1-9ab8-4215-a642-4cd8cc622792
678,3.416666666666057,40.0,-19.68,20.0,13120.0,11.663133366834396,65.0,78.90477493146828,40.0,-19.68,56.99564393120434,20.0,6720.0,20.0,80.0,80.0,40.0,0.0,80.0,12495.238095238095,airunit-257c9cb1-9ab8-4215-a642-4cd8cc622792
679,3.3333333333327233,40.0,-19.68,20.0,13120.0,11.57983536649938,65.0,78.90455447291448,40.0,-19.68,56.991014301574715,20.0,6720.0,20.0,80.0,80.0,40.0,0.0,80.0,12495.238095238095,airunit-257c9cb1-9ab8-4215-a642-4cd8cc622792
680,3.24999999999939,40.0,-19.68,20.0,13120.0,11.496537012834379,65.0,78.9043340143607,40.0,-19.68,56.986384671945096,20.0,6720.0,20.0,80.0,80.0,40.0,0.0,80.0,12495.238095238095,airunit-257c9cb1-9ab8-4215-a642-4cd8cc622792
681,3.1666666666660563,40.0,-19.68,20.0,13120.0,11.413238309372696,65.0,78.9041135558069,40.0,-19.68,56.98175504231546,20.0,6720.0,20.0,80.0,80.0,40.0,0.0,80.0,12495.238095238095,airunit-257c9cb1-9ab8-4215-a642-4cd8cc622792
682,3.083333333332723,40.0,-19.68,20.0,13120.0,11.329939259612296,65.0,78.90389309725312,40.0,-19.68,56.97712541268584,20.0,6720.0,20.0,80.0,80.0,40.0,0.0,80.0,12495.238095238095,airunit-257c9cb1-9ab8-4215-a642-4cd8cc622792
683,2.9999999999993894,40.0,-19.68,20.0,13120.0,11.246639867016167,65.0,78.90367263869932,40.0,-19.68,56.97249578305621,20.0,6720.0,20.0,80.0,80.0,40.0,0.0,80.0,12495.238095238095,airunit-257c9cb1-9ab8-4215-a642-4cd8cc622792
684,2.916666666666056,40.0,-19.68,20.0,13120.0,11.163340135012666,65.0,78.90345218014554,40.0,-19.68,56.96786615342658,20.0,6720.0,20.0,80.0,80.0,40.0,0.0,80.0,12495.238095238095,airunit-257c9cb1-9ab8-4215-a642-4cd8cc622792
685,2.8333333333327224,40.0,-19.68,20.0,13120.0,11.080040066995867,65.0,78.90323172159174,40.0,-19.68,56.96323652379696,20.0,6720.0,20.0,80.0,80.0,40.0,0.0,80.0,12495.238095238095,airunit-257c9cb1-9ab8-4215-a642-4cd8cc622792
686,2.749999999999389,40.0,-19.68,20.0,13120.0,10.996739666325903,65.0,78.90301126303795,40.0,-19.68,56.95860689416733,20.0,6720.0,20.0,80.0,80.0,40.0,0.0,80.0,12495.238095238095,airunit-257c9cb1-9ab8-4215-a642-4cd8cc622792
687,2.6666666666660555,40.0,-19.68,20.0,13120.0,10.913438936329305,65.0,78.90279080448416,40.0,-19.68,56.953977264537706,20.0,6720.0,20.0,80.0,80.0,40.0,0.0,80.0,12495.238095238095,airunit-257c9cb1-9ab8-4215-a642-4cd8cc622792
688,2.583333333332722,40.0,-19.68,20.0,13120.0,10.83013788029934,65.0,78.90257034593037,40.0,-19.68,56.94934763490809,20.0,6720.0,20.0,80.0,80.0,40.0,0.0,80.0,12495.238095238095,airunit-257c9cb1-9ab8-4215-a642-4cd8cc622792
689,2.4999999999993885,40.0,-19.68,20.0,13120.0,10.74683650149634,65.0,78.90234988737657,40.0,-19.68,56.94471800527845,20.0,6720.0,20.0,80.0,80.0,40.0,0.0,80.0,12495.238095238095,airunit-257c9cb1-9ab8-4215-a642-4cd8cc622792
690,2.416666666666055,40.0,-19.68,20.0,13120.0,10.663534803148037,65.0,78.90212942882279,40.0,-19.68,56.94008837564883,20.0,6720.0,20.0,80.0,80.0,40.0,0.0,80.0,12495.238095238095,airunit-257c9cb1-9ab8-4215-a642-4cd8cc622792
691,2.3333333333327215,40.0,-19.68,20.0,13120.0,10.580232788449884,65.0,78.90190897026899,40.0,-19.68,56.9354587460192,20.0,6720.0,20.0,80.0,80.0,40.0,0.0,80.0,12495.238095238095,airunit-257c9cb1-9ab8-4215-a642-4cd8cc622792
692,2.249999999999388,40.0,-19.68,20.0,13120.0,10.496930460565379,65.0,78.9016885117152,40.0,-19.68,56.93082911638957,20.0,6720.0,20.0,80.0,80.0,40.0,0.0,80.0,12495.238095238095,airunit-257c9cb1-9ab8-4215-a642-4cd8cc622792
693,2.1666666666660546,40.0,-19.68,20.0,13120.0,10.413627822626385,65.0,78.90146805316141,40.0,-19.68,56.92619948675995,20.0,6720.0,20.0,80.0,80.0,40.0,0.0,80.0,12495.238095238095,airunit-257c9cb1-9ab8-4215-a642-4cd8cc622792
694,2.083333333332721,40.0,-19.68,20.0,13120.0,10.330324877733448,65.0,78.90124759460761,40.0,-19.68,56.92156985713032,20.0,6720.0,20.0,80.0,80.0,40.0,0.0,80.0,12495.238095238095,airunit-257c9cb1-9ab8-4215-a642-4cd8cc622792
695,1.9999999999993878,40.0,-19.68,20.0,13120.0,10.247021628956107,65.0,78.90102713605383,40.0,-19.68,56.916940227500696,20.0,6720.0,20.0,80.0,80.0,40.0,0.0,80.0,12495.238095238095,airunit-257c9cb1-9ab8-4215-a642-4cd8cc622792
696,1.9166666666660546,40.0,-19.68,20.0,13120.0,10.163718079333206,65.0,78.90080667750003,40.0,-19.68,56.91231059787108,20.0,6720.0,20.0,80.0,80.0,40.0,0.0,80.0,12495.238095238095,airunit-257c9cb1-9ab8-4215-a642-4cd8cc622792
697,1.8333333333327213,40.0,-19.68,20.0,13120.0,10.0804142318732,65.0,78.90058621894624,40.0,-19.68,56.90768096824144,20.0,6720.0,20.0,80.0,80.0,40.0,0.0,80.0,12495.238095238095,airunit-257c9cb1-9ab8-4215-a642-4cd8cc622792
698,1.749999999999388,40.0,-19.68,20.0,13120.0,9.997110089554463,65.0,78.90036576039245,40.0,-19.68,56.90305133861182,20.0,6720.0,20.0,80.0,80.0,40.0,0.0,80.0,12495.238095238095,airunit-257c9cb1-9ab8-4215-a642-4cd8cc622792
699,1.6666666666660548,40.0,-19.68,20.0,13120.0,9.913805655325579,65.0,78.90014530183866,40.0,-19.68,56.89842170898219,20.0,6720.0,20.0,80.0,80.0,40.0,0.0,80.0,12495.238095238095,airunit-257c9cb1-9ab8-4215-a642-4cd8cc622792
700,1.5833333333327215,40.0,-19.68,20.0,13120.0,9.83050093210565,65.0,78.89992484328486,40.0,-19.68,56.89379207935256,20.0,6720.0,20.0,80.0,80.0,40.0,0.0,80.0,12495.238095238095,airunit-257c9cb1-9ab8-4215-a642-4cd8cc622792
701,1.4999999999993883,40.0,-19.68,20.0,13120.0,9.747195922784588,65.0,78.89970438473107,40.0,-19.68,56.88916244972294,20.0,6720.0,20.0,80.0,80.0,40.0,0.0,80.0,12495.238095238095,airunit-257c9cb1-9ab8-4215-a642-4cd8cc622792
702,1.416666666666055,40.0,-19.68,20.0,13120.0,9.663890630223403,65.0,78.89948392617727,40.0,-19.68,56.88453282009331,20.0,6720.0,20.0,80.0,80.0,40.0,0.0,80.0,12495.238095238095,airunit-257c9cb1-9ab8-4215-a642-4cd8cc622792
703,1.3333333333327217,40.0,-19.68,20.0,13120.0,9.580585057254495,65.0,78.89926346762348,40.0,-19.68,56.879903190463686,20.0,6720.0,20.0,80.0,80.0,40.0,0.0,80.0,12495.238095238095,airunit-257c9cb1-9ab8-4215-a642-4cd8cc622792
704,1.2499999999993885,40.0,-19.68,20.0,13120.0,9.497279206681945,65.0,78.89904300906969,40.0,-19.68,56.87527356083407,20.0,6720.0,20.0,80.0,80.0,40.0,0.0,80.0,12495.238095238095,airunit-257c9cb1-9ab8-4215-a642-4cd8cc622792
705,1.1666666666660552,40.0,-19.68,20.0,13120.0,9.413973081281787,65.0,78.8988225505159,40.0,-19.68,56.870643931204434,20.0,6720.0,20.0,80.0,80.0,40.0,0.0,80.0,12495.238095238095,airunit-257c9cb1-9ab8-4215-a642-4cd8cc622792
706,1.083333333332722,40.0,-19.68,20.0,13120.0,9.330666683802296,65.0,78.8986020919621,40.0,-19.68,56.86601430157481,20.0,6720.0,20.0,80.0,80.0,40.0,0.0,80.0,12495.238095238095,airunit-257c9cb1-9ab8-4215-a642-4cd8cc622792
707,0.9999999999993886,40.0,-19.68,20.0,13120.0,9.247360016964267,65.0,78.89838163340832,40.0,-19.68,56.86138467194518,20.0,6720.0,20.0,80.0,80.0,40.0,0.0,80.0,12495.238095238095,airunit-257c9cb1-9ab8-4215-a642-4cd8cc622792
708,0.9166666666660552,40.0,-19.68,20.0,13120.0,9.164053083461285,65.0,78.89816117485452,40.0,-19.68,56.85675504231555,20.0,6720.0,20.0,80.0,80.0,40.0,0.0,80.0,12495.238095238095,airunit-257c9cb1-9ab8-4215-a642-4cd8cc622792
709,0.8333333333327219,40.0,-19.68,20.0,13120.0,9.080745885959999,65.0,78.89794071630074,40.0,-19.68,56.85212541268593,20.0,6720.0,20.0,80.0,80.0,40.0,0.0,80.0,12495.238095238095,airunit-257c9cb1-9ab8-4215-a642-4cd8cc622792
710,0.7499999999993885,40.0,-19.68,20.0,13120.0,8.997438427100393,65.0,78.89772025774694,40.0,-19.68,56.8474957830563,20.0,6720.0,20.0,80.0,80.0,40.0,0.0,80.0,12495.238095238095,airunit-257c9cb1-9ab8-4215-a642-4cd8cc622792
711,0.6666666666660551,40.0,-19.68,20.0,13120.0,8.91413070949605,65.0,78.89749979919316,40.0,-19.68,56.84286615342668,20.0,6720.0,20.0,80.0,80.0,40.0,0.0,80.0,12495.238095238095,airunit-257c9cb1-9ab8-4215-a642-4cd8cc622792
712,0.5833333333327217,40.0,-19.68,20.0,13120.0,8.830822735734417,65.0,78.89727934063936,40.0,-19.68,56.83823652379706,20.0,6720.0,20.0,80.0,80.0,40.0,0.0,80.0,12495.238095238095,airunit-257c9cb1-9ab8-4215-a642-4cd8cc622792
713,0.49999999999938843,40.0,-19.68,20.0,13120.0,8.747514508377067,65.0,78.89705888208556,40.0,-19.68,56.833606894167424,20.0,6720.0,20.0,80.0,80.0,40.0,0.0,80.0,12495.238095238095,airunit-257c9cb1-9ab8-4215-a642-4cd8cc622792
714,0.4166666666660551,40.0,-19.68,20.0,13120.0,8.664206029959956,65.0,78.89683842353178,40.0,-19.68,56.8289772645378,20.0,6720.0,20.0,80.0,80.0,40.0,0.0,80.0,12495.238095238095,airunit-257c9cb1-9ab8-4215-a642-4cd8cc622792
715,0.3333333333327218,40.0,-19.68,20.0,13120.0,8.580897302993684,65.0,78.89661796497798,40.0,-19.68,56.82434763490817,20.0,6720.0,20.0,80.0,80.0,40.0,0.0,80.0,12495.238095238095,airunit-257c9cb1-9ab8-4215-a642-4cd8cc622792
716,0.2499999999993885,40.0,-19.68,20.0,13120.0,8.49758832996374,65.0,78.8963975064242,40.0,-19.68,56.81971800527854,20.0,6720.0,20.0,80.0,80.0,40.0,0.0,80.0,12495.238095238095,airunit-257c9cb1-9ab8-4215-a642-4cd8cc622792
717,0.16666666666605517,40.0,-19.68,20.0,13120.0,8.414279113330764,65.0,78.8961770478704,40.0,-19.68,56.81508837564892,20.0,6720.0,20.0,80.0,80.0,40.0,0.0,80.0,12495.238095238095,airunit-257c9cb1-9ab8-4215-a642-4cd8cc622792
718,0.08333333333272185,40.0,-19.68,20.0,13120.0,8.330969655530783,65.0,78.89595658931661,40.0,-19.68,56.81045874601929,20.0,6720.0,20.0,80.0,80.0,40.0,0.0,80.0,12495.238095238095,airunit-257c9cb1-9ab8-4215-a642-4cd8cc622792
719,-6.114830863879206e-13,40.0,-19.68,20.0,13120.0,8.247659958975468,65.0,78.89573613076281,40.0,-19.68,56.80582911638967,20.0,6720.0,20.0,80.0,80.0,40.0,0.0,80.0,12495.238095238095,airunit-257c9cb1-9ab8-4215-a642-4cd8cc622792
720,-0.08333333333394481,40.0,-19.68,20.0,13120.0,8.164350026052375,65.0,78.89551567220903,40.0,-19.68,56.80119948676005,20.0,6720.0,20.0,80.0,80.0,40.0,0.0,80.0,12495.238095238095,airunit-257c9cb1-9ab8-4215-a642-4cd8cc622792
721,-0.16666666666727814,40.0,-19.68,20.0,13120.0,8.081039859125179,65.0,78.89529521365523,40.0,-19.68,56.796569857130415,20.0,6720.0,20.0,80.0,80.0,40.0,0.0,80.0,12495.238095238095,airunit-257c9cb1-9ab8-4215-a642-4cd8cc622792
722,-0.25000000000061146,40.0,-19.68,20.0,13120.0,7.997729460533921,65.0,78.89507475510145,40.0,-19.68,56.79194022750079,20.0,6720.0,20.0,80.0,80.0,40.0,0.0,80.0,12495.238095238095,airunit-257c9cb1-9ab8-4215-a642-4cd8cc622792
723,-0.33333333333394477,40.0,-19.68,20.0,13120.0,7.914418832595242,65.0,78.89485429654765,40.0,-19.68,56.78731059787116,20.0,6720.0,20.0,80.0,80.0,40.0,0.0,80.0,12495.238095238095,airunit-257c9cb1-9ab8-4215-a642-4cd8cc622792
724,-0.4166666666672781,40.0,-19.68,20.0,13120.0,7.831107977602617,65.0,78.89463383799385,40.0,-19.68,56.78268096824153,20.0,6720.0,20.0,80.0,80.0,40.0,0.0,80.0,12495.238095238095,airunit-257c9cb1-9ab8-4215-a642-4cd8cc622792
725,-0.5000000000006114,40.0,-19.68,20.0,13120.0,7.747796897826585,65.0,78.89441337944007,40.0,-19.68,56.77805133861191,20.0,6720.0,20.0,80.0,80.0,40.0,0.0,80.0,12495.238095238095,airunit-257c9cb1-9ab8-4215-a642-4cd8cc622792
726,-0.5833333333339448,40.0,-19.68,20.0,13120.0,7.6644855955149795,65.0,78.89419292088627,40.0,-19.68,56.77342170898228,20.0,6720.0,20.0,80.0,80.0,40.0,0.0,80.0,12495.238095238095,airunit-257c9cb1-9ab8-4215-a642-4cd8cc622792
727,-0.6666666666672781,40.0,-19.68,20.0,13120.0,7.581174072893157,65.0,78.89397246233248,40.0,-19.68,56.76879207935266,20.0,6720.0,20.0,80.0,80.0,40.0,0.0,80.0,12495.238095238095,airunit-257c9cb1-9ab8-4215-a642-4cd8cc622792
728,-0.7500000000006115,40.0,-19.68,20.0,13120.0,7.497862332164219,65.0,78.89375200377869,40.0,-19.68,56.76416244972304,20.0,6720.0,20.0,80.0,80.0,40.0,0.0,80.0,12495.238095238095,airunit-257c9cb1-9ab8-4215-a642-4cd8cc622792
729,-0.8333333333339449,40.0,-19.68,20.0,13120.0,7.414550375509237,65.0,78.8935315452249,40.0,-19.68,56.759532820093405,20.0,6720.0,20.0,80.0,80.0,40.0,0.0,80.0,12495.238095238095,airunit-257c9cb1-9ab8-4215-a642-4cd8cc622792
730,-0.9166666666672783,40.0,-19.68,20.0,13120.0,7.331238205087472,65.0,78.8933110866711,40.0,-19.68,56.75490319046378,20.0,6720.0,20.0,80.0,80.0,40.0,0.0,80.0,12495.238095238095,airunit-257c9cb1-9ab8-4215-a642-4cd8cc622792
731,-1.0000000000006115,40.0,-19.68,20.0,13120.0,7.247925823036591,65.0,78.89309062811732,40.0,-19.68,56.75027356083415,20.0,6720.0,20.0,80.0,80.0,40.0,0.0,80.0,12495.238095238095,airunit-257c9cb1-9ab8-4215-a642-4cd8cc622792
732,-1.0833333333339448,40.0,-19.68,20.0,13120.0,7.164613231472886,65.0,78.89287016956352,40.0,-19.68,56.74564393120452,20.0,6720.0,20.0,80.0,80.0,40.0,0.0,80.0,12495.238095238095,airunit-257c9cb1-9ab8-4215-a642-4cd8cc622792
733,-1.166666666667278,40.0,-19.68,20.0,13120.0,7.081300432491485,65.0,78.89264971100974,40.0,-19.68,56.7410143015749,20.0,6720.0,20.0,80.0,80.0,40.0,0.0,80.0,12495.238095238095,airunit-257c9cb1-9ab8-4215-a642-4cd8cc622792
734,-1.2500000000006113,40.0,-19.68,20.0,13120.0,6.997987428166564,65.0,78.89242925245594,40.0,-19.68,56.736384671945274,20.0,6720.0,20.0,80.0,80.0,40.0,0.0,80.0,12495.238095238095,airunit-257c9cb1-9ab8-4215-a642-4cd8cc622792
735,-1.3333333333339445,40.0,-19.68,20.0,13120.0,6.914674220551559,65.0,78.89220879390216,40.0,-19.68,56.73175504231565,20.0,6720.0,20.0,80.0,80.0,40.0,0.0,80.0,12495.238095238095,airunit-257c9cb1-9ab8-4215-a642-4cd8cc622792
736,-1.4166666666672778,40.0,-19.68,20.0,13120.0,6.831360811679371,65.0,78.89198833534836,40.0,-19.68,56.72712541268603,20.0,6720.0,20.0,80.0,80.0,40.0,0.0,80.0,12495.238095238095,airunit-257c9cb1-9ab8-4215-a642-4cd8cc622792
737,-1.500000000000611,40.0,-19.68,20.0,13120.0,6.748047203562571,65.0,78.89176787679456,40.0,-19.68,56.722495783056395,20.0,6720.0,20.0,80.0,80.0,40.0,0.0,80.0,12495.238095238095,airunit-257c9cb1-9ab8-4215-a642-4cd8cc622792
738,-1.5833333333339443,40.0,-19.68,20.0,13120.0,6.664733398193606,65.0,78.89154741824078,40.0,-19.68,56.71786615342677,20.0,6720.0,20.0,80.0,80.0,40.0,0.0,80.0,12495.238095238095,airunit-257c9cb1-9ab8-4215-a642-4cd8cc622792
739,-1.6666666666672776,40.0,-19.68,20.0,13120.0,6.581419397544997,65.0,78.89132695968698,40.0,-19.68,56.71323652379714,20.0,6720.0,20.0,80.0,80.0,40.0,0.0,80.0,12495.238095238095,airunit-257c9cb1-9ab8-4215-a642-4cd8cc622792
740,-1.7500000000006108,40.0,-19.68,20.0,13120.0,6.4981052035695415,65.0,78.8911065011332,40.0,-19.68,56.70860689416751,20.0,6720.0,20.0,80.0,80.0,40.0,0.0,80.0,12495.238095238095,airunit-257c9cb1-9ab8-4215-a642-4cd8cc622792
741,-1.833333333333944,40.0,-19.68,20.0,13120.0,6.4147908182005065,65.0,78.8908860425794,40.0,-19.68,56.70397726453789,20.0,6720.0,20.0,80.0,80.0,40.0,0.0,80.0,12495.238095238095,airunit-257c9cb1-9ab8-4215-a642-4cd8cc622792
742,-1.9166666666672774,40.0,-19.68,20.0,13120.0,6.331476243351829,65.0,78.89066558402561,40.0,-19.68,56.699347634908264,20.0,6720.0,20.0,80.0,80.0,40.0,0.0,80.0,12495.238095238095,airunit-257c9cb1-9ab8-4215-a642-4cd8cc622792
743,-2.0000000000006106,40.0,-19.68,20.0,13120.0,6.248161480918305,65.0,78.89044512547181,40.0,-19.68,56.69471800527864,20.0,6720.0,20.0,80.0,80.0,40.0,0.0,80.0,12495.238095238095,airunit-257c9cb1-9ab8-4215-a642-4cd8cc622792
744,-2.083333333333944,40.0,-19.68,20.0,13120.0,6.164846532775782,65.0,78.89022466691803,40.0,-19.68,56.69008837564902,20.0,6720.0,20.0,80.0,80.0,40.0,0.0,80.0,12495.238095238095,airunit-257c9cb1-9ab8-4215-a642-4cd8cc622792
745,-2.1666666666672776,40.0,-19.68,20.0,13120.0,6.081531400781352,65.0,78.89000420836423,40.0,-19.68,56.685458746019386,20.0,6720.0,20.0,80.0,80.0,40.0,0.0,80.0,12495.238095238095,airunit-257c9cb1-9ab8-4215-a642-4cd8cc622792
746,-2.250000000000611,40.0,-19.68,20.0,13120.0,5.998216086773533,65.0,78.88978374981045,40.0,-19.68,56.68082911638976,20.0,6720.0,20.0,80.0,80.0,40.0,0.0,80.0,12495.238095238095,airunit-257c9cb1-9ab8-4215-a642-4cd8cc622792
747,-2.3333333333339445,40.0,-19.68,20.0,13120.0,5.914900592572458,65.0,78.88956329125665,40.0,-19.68,56.67619948676013,20.0,6720.0,20.0,80.0,80.0,40.0,0.0,80.0,12495.238095238095,airunit-257c9cb1-9ab8-4215-a642-4cd8cc622792
748,-2.416666666667278,40.0,-19.68,20.0,13120.0,5.8315849199800605,65.0,78.88934283270285,40.0,-19.68,56.6715698571305,20.0,6720.0,20.0,80.0,80.0,40.0,0.0,80.0,12495.238095238095,airunit-257c9cb1-9ab8-4215-a642-4cd8cc622792
749,-2.5000000000006115,40.0,-19.68,20.0,13120.0,5.748269070780253,65.0,78.88912237414907,40.0,-19.68,56.66694022750088,20.0,6720.0,20.0,80.0,80.0,40.0,0.0,80.0,12495.238095238095,airunit-257c9cb1-9ab8-4215-a642-4cd8cc622792
750,-2.583333333333945,40.0,-19.68,20.0,13120.0,5.664953046739111,65.0,78.88890191559527,40.0,-19.68,56.662310597871254,20.0,6720.0,20.0,80.0,80.0,40.0,0.0,80.0,12495.238095238095,airunit-257c9cb1-9ab8-4215-a642-4cd8cc622792
751,-2.6666666666672785,40.0,-19.68,20.0,13120.0,5.581636849605047,65.0,78.88868145704149,40.0,-19.68,56.65768096824163,20.0,6720.0,20.0,80.0,80.0,40.0,0.0,80.0,12495.238095238095,airunit-257c9cb1-9ab8-4215-a642-4cd8cc622792
752,-2.750000000000612,40.0,-19.68,20.0,13120.0,5.4983204811089905,65.0,78.88846099848769,40.0,-19.68,56.65305133861201,20.0,6720.0,20.0,80.0,80.0,40.0,0.0,80.0,12495.238095238095,airunit-257c9cb1-9ab8-4215-a642-4cd8cc622792
753,-2.8333333333339454,40.0,-19.68,20.0,13120.0,5.415003942964561,65.0,78.8882405399339,40.0,-19.68,56.648421708982376,20.0,6720.0,20.0,80.0,80.0,40.0,0.0,80.0,12495.238095238095,airunit-257c9cb1-9ab8-4215-a642-4cd8cc622792
754,-2.916666666667279,40.0,-19.68,20.0,13120.0,5.331687236868243,65.0,78.8880200813801,40.0,-19.68,56.64379207935275,20.0,6720.0,20.0,80.0,80.0,40.0,0.0,80.0,12495.238095238095,airunit-257c9cb1-9ab8-4215-a642-4cd8cc622792
755,-3.0000000000006124,40.0,-19.68,20.0,13120.0,5.2483703644995545,65.0,78.88779962282632,40.0,-19.68,56.63916244972312,20.0,6720.0,20.0,80.0,80.0,40.0,0.0,80.0,12495.238095238095,airunit-257c9cb1-9ab8-4215-a642-4cd8cc622792
756,-3.083333333333946,40.0,-19.68,20.0,13120.0,5.165053327521219,65.0,78.88757916427252,40.0,-19.68,56.63453282009349,20.0,6720.0,20.0,80.0,80.0,40.0,0.0,80.0,12495.238095238095,airunit-257c9cb1-9ab8-4215-a642-4cd8cc622792
757,-3.1666666666672794,40.0,-19.68,20.0,13120.0,5.081736127579334,65.0,78.88735870571874,40.0,-19.68,56.62990319046387,20.0,6720.0,20.0,80.0,80.0,40.0,0.0,80.0,12495.238095238095,airunit-257c9cb1-9ab8-4215-a642-4cd8cc622792
758,-3.250000000000613,40.0,-19.68,20.0,13120.0,4.998418766303534,65.0,78.88713824716494,40.0,-19.68,56.625273560834245,20.0,6720.0,20.0,80.0,80.0,40.0,0.0,80.0,12495.238095238095,airunit-257c9cb1-9ab8-4215-a642-4cd8cc622792
759,-3.3333333333339463,40.0,-19.68,20.0,13120.0,4.915101245307159,65.0,78.88691778861116,40.0,-19.68,56.62064393120462,20.0,6720.0,20.0,80.0,80.0,40.0,0.0,80.0,12495.238095238095,airunit-257c9cb1-9ab8-4215-a642-4cd8cc622792
760,-3.41666666666728,40.0,-19.68,20.0,13120.0,4.831783566187415,65.0,78.88669733005736,40.0,-19.68,56.616014301575,20.0,6720.0,20.0,80.0,80.0,40.0,0.0,80.0,12495.238095238095,airunit-257c9cb1-9ab8-4215-a642-4cd8cc622792
761,-3.5000000000006133,40.0,-19.68,20.0,13120.0,4.748465730525535,65.0,78.88647687150356,40.0,-19.68,56.611384671945366,20.0,6720.0,20.0,80.0,80.0,40.0,0.0,80.0,12495.238095238095,airunit-257c9cb1-9ab8-4215-a642-4cd8cc622792
762,-3.5833333333339468,40.0,-19.68,20.0,13120.0,4.665147739886939,65.0,78.88625641294978,40.0,-19.68,56.60675504231574,20.0,6720.0,20.0,80.0,80.0,40.0,0.0,80.0,12495.238095238095,airunit-257c9cb1-9ab8-4215-a642-4cd8cc622792
763,-3.6666666666672802,40.0,-19.68,20.0,13120.0,4.5818295958213975,65.0,78.88603595439598,40.0,-19.68,56.602125412686114,20.0,6720.0,20.0,80.0,80.0,40.0,0.0,80.0,12495.238095238095,airunit-257c9cb1-9ab8-4215-a642-4cd8cc622792
764,-3.7500000000006137,40.0,-19.68,20.0,13120.0,4.4985112998631775,65.0,78.8858154958422,40.0,-19.68,56.59749578305648,20.0,6720.0,20.0,80.0,80.0,40.0,0.0,80.0,12495.238095238095,airunit-257c9cb1-9ab8-4215-a642-4cd8cc622792
765,-3.833333333333947,40.0,-19.68,20.0,13120.0,4.415192853531206,65.0,78.8855950372884,40.0,-19.68,56.59286615342686,20.0,6720.0,20.0,80.0,80.0,40.0,0.0,80.0,12495.238095238095,airunit-257c9cb1-9ab8-4215-a642-4cd8cc622792
766,-3.9166666666672807,40.0,-19.68,20.0,13120.0,4.331874258329221,65.0,78.88537457873461,40.0,-19.68,56.588236523797235,20.0,6720.0,20.0,80.0,80.0,40.0,0.0,80.0,12495.238095238095,airunit-257c9cb1-9ab8-4215-a642-4cd8cc622792
767,-4.000000000000614,40.0,-19.68,20.0,13120.0,4.248555515745923,65.0,78.88515412018081,40.0,-19.68,56.58360689416761,20.0,6720.0,20.0,80.0,80.0,40.0,0.0,80.0,12495.238095238095,airunit-257c9cb1-9ab8-4215-a642-4cd8cc622792
768,-4.083333333333947,40.0,-19.68,20.0,13120.0,4.1652366272551244,65.0,78.88493366162703,40.0,-19.68,56.57897726453799,20.0,6720.0,20.0,80.0,80.0,40.0,0.0,80.0,12495.238095238095,airunit-257c9cb1-9ab8-4215-a642-4cd8cc622792
769,-4.16666666666728,40.0,-19.68,20.0,13120.0,4.0819175943159,65.0,78.88471320307323,40.0,-19.68,56.57434763490836,20.0,6720.0,20.0,80.0,80.0,40.0,0.0,80.0,12495.238095238095,airunit-257c9cb1-9ab8-4215-a642-4cd8cc622792
770,-4.250000000000613,40.0,-19.68,20.0,13120.0,3.998598418372735,65.0,78.88449274451945,40.0,-19.68,56.56971800527873,20.0,6720.0,20.0,80.0,80.0,40.0,0.0,80.0,12495.238095238095,airunit-257c9cb1-9ab8-4215-a642-4cd8cc622792
771,-4.333333333333946,40.0,-19.68,20.0,13120.0,3.915279100855668,65.0,78.88427228596565,40.0,-19.68,56.565088375649104,20.0,6720.0,20.0,80.0,80.0,40.0,0.0,80.0,12495.238095238095,airunit-257c9cb1-9ab8-4215-a642-4cd8cc622792
772,-4.416666666667279,40.0,-19.68,20.0,13120.0,3.8319596431804386,65.0,78.88405182741187,40.0,-19.68,56.56045874601947,20.0,6720.0,20.0,80.0,80.0,40.0,0.0,80.0,12495.238095238095,airunit-257c9cb1-9ab8-4215-a642-4cd8cc622792
773,-4.500000000000612,40.0,-19.68,20.0,13120.0,3.748640046748628,65.0,78.88383136885807,40.0,-19.68,56.55582911638985,20.0,6720.0,20.0,80.0,80.0,40.0,0.0,80.0,12495.238095238095,airunit-257c9cb1-9ab8-4215-a642-4cd8cc622792
774,-4.583333333333945,40.0,-19.68,20.0,13120.0,3.6653203129478023,65.0,78.88361091030427,40.0,-19.68,56.551199486760225,20.0,6720.0,20.0,80.0,80.0,40.0,0.0,80.0,12495.238095238095,airunit-257c9cb1-9ab8-4215-a642-4cd8cc622792
775,-4.666666666667278,40.0,-19.68,20.0,13120.0,3.5820004431516512,65.0,78.88339045175049,40.0,-19.68,56.5465698571306,20.0,6720.0,20.0,80.0,80.0,40.0,0.0,80.0,12495.238095238095,airunit-257c9cb1-9ab8-4215-a642-4cd8cc622792
776,-4.750000000000611,40.0,-19.68,20.0,13120.0,3.4986804387201285,65.0,78.88316999319669,40.0,-19.68,56.54194022750098,20.0,6720.0,20.0,80.0,80.0,40.0,0.0,80.0,12495.238095238095,airunit-257c9cb1-9ab8-4215-a642-4cd8cc622792
777,-4.833333333333944,40.0,-19.68,20.0,13120.0,3.4153603009995877,65.0,78.8829495346429,40.0,-19.68,56.53731059787135,20.0,6720.0,20.0,80.0,80.0,40.0,0.0,80.0,12495.238095238095,airunit-257c9cb1-9ab8-4215-a642-4cd8cc622792
778,-4.916666666667277,40.0,-19.68,20.0,13120.0,3.332040031322919,65.0,78.8827290760891,40.0,-19.68,56.53268096824172,20.0,6720.0,20.0,80.0,80.0,40.0,0.0,80.0,12495.238095238095,airunit-257c9cb1-9ab8-4215-a642-4cd8cc622792
779,-5.00000000000061,40.0,-19.68,20.0,13120.0,3.2487196310096835,65.0,78.88250861753532,40.0,-19.68,56.528051338612094,20.0,6720.0,20.0,80.0,80.0,40.0,0.0,80.0,12495.238095238095,airunit-257c9cb1-9ab8-4215-a642-4cd8cc622792
780,-5.083333333333943,40.0,-19.68,20.0,13120.0,3.1653991013662472,65.0,78.88228815898152,40.0,-19.68,56.52342170898246,20.0,6720.0,20.0,80.0,80.0,40.0,0.0,80.0,12495.238095238095,airunit-257c9cb1-9ab8-4215-a642-4cd8cc622792
781,-5.166666666667276,40.0,-19.68,20.0,13120.0,3.082078443685912,65.0,78.88206770042774,40.0,-19.68,56.51879207935284,20.0,6720.0,20.0,80.0,80.0,40.0,0.0,80.0,12495.238095238095,airunit-257c9cb1-9ab8-4215-a642-4cd8cc622792
782,-5.250000000000609,40.0,-19.68,20.0,13120.0,2.998757659249047,65.0,78.88184724187394,40.0,-19.68,56.514162449723216,20.0,6720.0,20.0,80.0,80.0,40.0,0.0,80.0,12495.238095238095,airunit-257c9cb1-9ab8-4215-a642-4cd8cc622792
783,-5.333333333333942,40.0,-19.68,20.0,13120.0,2.915436749323217,65.0,78.88162678332016,40.0,-19.68,56.50953282009359,20.0,6720.0,20.0,80.0,80.0,40.0,0.0,80.0,12495.238095238095,airunit-257c9cb1-9ab8-4215-a642-4cd8cc622792
784,-5.416666666667275,40.0,-19.68,20.0,13120.0,2.832115715163312,65.0,78.88140632476636,40.0,-19.68,56.50490319046397,20.0,6720.0,20.0,80.0,80.0,40.0,0.0,80.0,12495.238095238095,airunit-257c9cb1-9ab8-4215-a642-4cd8cc622792
785,-5.500000000000608,40.0,-19.68,20.0,13120.0,2.748794558011673,65.0,78.88118586621256,40.0,-19.68,56.50027356083434,20.0,6720.0,20.0,80.0,80.0,40.0,0.0,80.0,12495.238095238095,airunit-257c9cb1-9ab8-4215-a642-4cd8cc622792
786,-5.583333333333941,40.0,-19.68,20.0,13120.0,2.665473279098217,65.0,78.88096540765878,40.0,-19.68,56.49564393120471,20.0,6720.0,20.0,80.0,80.0,40.0,0.0,80.0,12495.238095238095,airunit-257c9cb1-9ab8-4215-a642-4cd8cc622792
787,-5.6666666666672745,40.0,-19.68,20.0,13120.0,2.5821518796405623,65.0,78.88074494910498,40.0,-19.68,56.491014301575085,20.0,6720.0,20.0,80.0,80.0,40.0,0.0,80.0,12495.238095238095,airunit-257c9cb1-9ab8-4215-a642-4cd8cc622792
788,-5.7500000000006075,40.0,-19.68,20.0,13120.0,2.4988303608441504,65.0,78.8805244905512,40.0,-19.68,56.48638467194545,20.0,6720.0,20.0,80.0,80.0,40.0,0.0,80.0,12495.238095238095,airunit-257c9cb1-9ab8-4215-a642-4cd8cc622792
789,-5.8333333333339406,40.0,-19.68,20.0,13120.0,2.4155087239023696,65.0,78.8803040319974,40.0,-19.68,56.48175504231583,20.0,6720.0,20.0,80.0,80.0,40.0,0.0,80.0,12495.238095238095,airunit-257c9cb1-9ab8-4215-a642-4cd8cc622792
790,-5.916666666667274,40.0,-19.68,20.0,13120.0,2.3321869699966733,65.0,78.88008357344361,40.0,-19.68,56.477125412686206,20.0,6720.0,20.0,80.0,80.0,40.0,0.0,80.0,12495.238095238095,airunit-257c9cb1-9ab8-4215-a642-4cd8cc622792
791,-6.000000000000607,40.0,-19.68,20.0,13120.0,2.2488651002967006,65.0,78.87986311488982,40.0,-19.68,56.47249578305658,20.0,6720.0,20.0,80.0,80.0,40.0,0.0,80.0,12495.238095238095,airunit-257c9cb1-9ab8-4215-a642-4cd8cc622792
792,-6.08333333333394,40.0,-19.68,20.0,13120.0,2.165543115960394,65.0,78.87964265633603,40.0,-19.68,56.46786615342696,20.0,6720.0,20.0,80.0,80.0,40.0,0.0,80.0,12495.238095238095,airunit-257c9cb1-9ab8-4215-a642-4cd8cc622792
793,-6.166666666667273,40.0,-19.68,20.0,13120.0,2.0822210181341174,65.0,78.87942219778223,40.0,-19.68,56.46323652379733,20.0,6720.0,20.0,80.0,80.0,40.0,0.0,80.0,12495.238095238095,airunit-257c9cb1-9ab8-4215-a642-4cd8cc622792
794,-6.250000000000606,40.0,-19.68,20.0,13120.0,1.99889880795277,65.0,78.87920173922845,40.0,-19.68,56.4586068941677,20.0,6720.0,20.0,80.0,80.0,40.0,0.0,80.0,12495.238095238095,airunit-257c9cb1-9ab8-4215-a642-4cd8cc622792
795,-6.333333333333939,40.0,-19.68,20.0,13120.0,1.915576486539903,65.0,78.87898128067465,40.0,-19.68,56.453977264538075,20.0,6720.0,20.0,80.0,80.0,40.0,0.0,80.0,12495.238095238095,airunit-257c9cb1-9ab8-4215-a642-4cd8cc622792
796,-6.416666666667272,40.0,-19.68,20.0,13120.0,1.8322540550078312,65.0,78.87876082212087,40.0,-19.68,56.44934763490844,20.0,6720.0,20.0,80.0,80.0,40.0,0.0,80.0,12495.238095238095,airunit-257c9cb1-9ab8-4215-a642-4cd8cc622792
797,-6.500000000000605,40.0,-19.68,20.0,13120.0,1.7489315144577469,65.0,78.87854036356707,40.0,-19.68,56.44471800527882,20.0,6720.0,20.0,80.0,80.0,40.0,0.0,80.0,12495.238095238095,airunit-257c9cb1-9ab8-4215-a642-4cd8cc622792
798,-6.583333333333938,40.0,-19.68,20.0,13120.0,1.66560886597983,65.0,78.87831990501327,40.0,-19.68,56.4400883756492,20.0,6720.0,20.0,80.0,80.0,40.0,0.0,80.0,12495.238095238095,airunit-257c9cb1-9ab8-4215-a642-4cd8cc622792
799,-6.666666666667271,40.0,-19.68,20.0,13120.0,1.582286110653359,65.0,78.87809944645949,40.0,-19.68,56.43545874601957,20.0,6720.0,20.0,80.0,80.0,40.0,0.0,80.0,12495.238095238095,airunit-257c9cb1-9ab8-4215-a642-4cd8cc622792
800,-6.750000000000604,40.0,-19.68,20.0,13120.0,1.4989632495468195,65.0,78.87787898790569,40.0,-19.68,56.43082911638995,20.0,6720.0,20.0,80.0,80.0,40.0,0.0,80.0,12495.238095238095,airunit-257c9cb1-9ab8-4215-a642-4cd8cc622792
801,-6.833333333333937,40.0,-19.68,20.0,13120.0,1.415640283718012,65.0,78.8776585293519,40.0,-19.68,56.42619948676032,20.0,6720.0,20.0,80.0,80.0,40.0,0.0,80.0,12495.238095238095,airunit-257c9cb1-9ab8-4215-a642-4cd8cc622792
802,-6.91666666666727,40.0,-19.68,20.0,13120.0,1.332317214214159,65.0,78.8774380707981,40.0,-19.68,56.42156985713069,20.0,6720.0,20.0,80.0,80.0,40.0,0.0,80.0,12495.238095238095,airunit-257c9cb1-9ab8-4215-a642-4cd8cc622792
803,-7.000000000000603,40.0,-19.68,20.0,13120.0,1.2489940420720114,65.0,78.87721761224432,40.0,-19.68,56.416940227501065,20.0,6720.0,20.0,80.0,80.0,40.0,0.0,80.0,12495.238095238095,airunit-257c9cb1-9ab8-4215-a642-4cd8cc622792
804,-7.083333333333936,40.0,-19.68,20.0,13120.0,1.165670768317952,65.0,78.87699715369052,40.0,-19.68,56.41231059787143,20.0,6720.0,20.0,80.0,80.0,40.0,0.0,80.0,12495.238095238095,airunit-257c9cb1-9ab8-4215-a642-4cd8cc622792
805,-7.166666666667269,40.0,-19.68,20.0,13120.0,1.0823473939680996,65.0,78.87677669513674,40.0,-19.68,56.40768096824181,20.0,6720.0,20.0,80.0,80.0,40.0,0.0,80.0,12495.238095238095,airunit-257c9cb1-9ab8-4215-a642-4cd8cc622792
806,-7.250000000000602,40.0,-19.68,20.0,13120.0,0.9990239200284127,65.0,78.87655623658294,40.0,-19.68,56.40305133861219,20.0,6720.0,20.0,80.0,80.0,40.0,0.0,80.0,12495.238095238095,airunit-257c9cb1-9ab8-4215-a642-4cd8cc622792
807,-7.333333333333935,40.0,-19.68,20.0,13120.0,0.9157003474947892,65.0,78.87633577802916,40.0,-19.68,56.39842170898256,20.0,6720.0,20.0,80.0,80.0,40.0,0.0,80.0,12495.238095238095,airunit-257c9cb1-9ab8-4215-a642-4cd8cc622792
808,-7.416666666667268,40.0,-19.68,20.0,13120.0,0.8323766773531687,65.0,78.87611531947536,40.0,-19.68,56.39379207935294,20.0,6720.0,20.0,80.0,80.0,40.0,0.0,80.0,12495.238095238095,airunit-257c9cb1-9ab8-4215-a642-4cd8cc622792
809,-7.500000000000601,40.0,-19.68,20.0,13120.0,0.749052910579631,65.0,78.87589486092156,40.0,-19.68,56.38916244972331,20.0,6720.0,20.0,80.0,80.0,40.0,0.0,80.0,12495.238095238095,airunit-257c9cb1-9ab8-4215-a642-4cd8cc622792
810,-7.583333333333934,40.0,-19.68,20.0,13120.0,0.6657290481404954,65.0,78.87567440236776,40.0,-19.68,56.38453282009368,20.0,6720.0,20.0,80.0,80.0,40.0,0.0,80.0,12495.238095238095,airunit-257c9cb1-9ab8-4215-a642-4cd8cc622792
811,-7.666666666667267,40.0,-19.68,20.0,13120.0,0.5824050909924178,65.0,78.87545394381398,40.0,-19.68,56.379903190464056,20.0,6720.0,20.0,80.0,80.0,40.0,0.0,80.0,12495.238095238095,airunit-257c9cb1-9ab8-4215-a642-4cd8cc622792
812,-7.7500000000006,40.0,-19.68,20.0,13120.0,0.49908104008248755,65.0,78.87523348526018,40.0,-19.68,56.37527356083442,20.0,6720.0,20.0,80.0,80.0,40.0,0.0,80.0,12495.238095238095,airunit-257c9cb1-9ab8-4215-a642-4cd8cc622792
813,-7.8333333333339334,40.0,-19.68,20.0,13120.0,0.41575689634832336,65.0,78.8750130267064,40.0,-19.68,56.3706439312048,20.0,6720.0,20.0,80.0,80.0,40.0,0.0,80.0,12495.238095238095,airunit-257c9cb1-9ab8-4215-a642-4cd8cc622792
814,-7.9166666666672665,40.0,-19.68,20.0,13120.0,0.33243266071816746,65.0,78.8747925681526,40.0,-19.68,56.36601430157518,20.0,6720.0,20.0,80.0,80.0,40.0,0.0,80.0,12495.238095238095,airunit-257c9cb1-9ab8-4215-a642-4cd8cc622792
815,-8.0000000000006,40.0,-19.68,20.0,13120.0,0.24910833411097977,65.0,78.87457210959882,40.0,-19.68,56.36138467194555,20.0,6720.0,20.0,80.0,80.0,40.0,0.0,80.0,12495.238095238095,airunit-257c9cb1-9ab8-4215-a642-4cd8cc622792
816,-8.083333333333934,40.0,-19.68,20.0,13120.0,0.16578391743653062,65.0,78.87435165104502,40.0,-19.68,56.35675504231593,20.0,6720.0,20.0,80.0,80.0,40.0,0.0,80.0,12495.238095238095,airunit-257c9cb1-9ab8-4215-a642-4cd8cc622792
817,-8.166666666667268,40.0,-19.68,20.0,13120.0,0.08245941159549262,65.0,78.87413119249123,40.0,-19.68,56.3521254126863,20.0,6720.0,20.0,80.0,80.0,40.0,0.0,80.0,12495.238095238095,airunit-257c9cb1-9ab8-4215-a642-4cd8cc622792
818,-8.250000000000602,40.0,-19.68,20.0,13120.0,-0.0008651825204683133,65.0,78.87391073393744,40.0,-19.68,56.34749578305667,20.0,6720.0,20.0,80.0,80.0,40.0,0.0,80.0,12495.238095238095,airunit-257c9cb1-9ab8-4215-a642-4cd8cc622792
819,-8.333333333333936,40.0,-19.68,20.0,13120.0,-0.08418986402860298,65.0,78.87369027538364,40.0,-19.68,56.342866153427046,20.0,6720.0,20.0,80.0,80.0,40.0,0.0,80.0,12495.238095238095,airunit-257c9cb1-9ab8-4215-a642-4cd8cc622792
820,-8.41666666666727,40.0,-19.68,20.0,13120.0,-0.16751463205498965,65.0,78.87346981682985,40.0,-19.68,56.33823652379741,20.0,6720.0,20.0,80.0,80.0,40.0,0.0,80.0,12495.238095238095,airunit-257c9cb1-9ab8-4215-a642-4cd8cc622792
821,-8.500000000000604,40.0,-19.68,20.0,13120.0,-0.2508394857344458,65.0,78.87324935827606,40.0,-19.68,56.333606894167794,20.0,6720.0,20.0,80.0,80.0,40.0,0.0,80.0,12495.238095238095,airunit-257c9cb1-9ab8-4215-a642-4cd8cc622792
822,-8.583333333333938,40.0,-19.68,20.0,13120.0,-0.33416442421044074,65.0,78.87302889972227,40.0,-19.68,56.32897726453817,20.0,6720.0,20.0,80.0,80.0,40.0,0.0,80.0,12495.238095238095,airunit-257c9cb1-9ab8-4215-a642-4cd8cc622792
823,-8.666666666667272,40.0,-19.68,20.0,13120.0,-0.41748944663500903,65.0,78.87280844116847,40.0,-19.68,56.32434763490854,20.0,6720.0,20.0,80.0,80.0,40.0,0.0,80.0,12495.238095238095,airunit-257c9cb1-9ab8-4215-a642-4cd8cc622792
824,-8.750000000000606,40.0,-19.68,20.0,13120.0,-0.500814552168665,65.0,78.87258798261469,40.0,-19.68,56.31971800527892,20.0,6720.0,20.0,80.0,80.0,40.0,0.0,80.0,12495.238095238095,airunit-257c9cb1-9ab8-4215-a642-4cd8cc622792
825,-8.83333333333394,40.0,-19.68,20.0,13120.0,-0.5841397399803178,65.0,78.87236752406089,40.0,-19.68,56.31508837564929,20.0,6720.0,20.0,80.0,80.0,40.0,0.0,80.0,12495.238095238095,airunit-257c9cb1-9ab8-4215-a642-4cd8cc622792
826,-8.916666666667274,40.0,-19.68,20.0,13120.0,-0.6674650092471873,65.0,78.87214706550711,40.0,-19.68,56.31045874601966,20.0,6720.0,20.0,80.0,80.0,40.0,0.0,80.0,12495.238095238095,airunit-257c9cb1-9ab8-4215-a642-4cd8cc622792
827,-9.000000000000608,40.0,-19.68,20.0,13120.0,-0.7507903591547215,65.0,78.87192660695331,40.0,-19.68,56.305829116390036,20.0,6720.0,20.0,80.0,80.0,40.0,0.0,80.0,12495.238095238095,airunit-257c9cb1-9ab8-4215-a642-4cd8cc622792
828,-9.083333333333941,40.0,-19.68,20.0,13120.0,-0.8341157888965136,65.0,78.87170614839953,40.0,-19.68,56.3011994867604,20.0,6720.0,20.0,80.0,80.0,40.0,0.0,80.0,12495.238095238095,airunit-257c9cb1-9ab8-4215-a642-4cd8cc622792
829,-9.166666666667275,40.0,-19.68,20.0,13120.0,-0.9174412976742212,65.0,78.87148568984573,40.0,-19.68,56.296569857130784,20.0,6720.0,20.0,80.0,80.0,40.0,0.0,80.0,12495.238095238095,airunit-257c9cb1-9ab8-4215-a642-4cd8cc622792
830,-9.25000000000061,40.0,-19.68,20.0,13120.0,-1.000766884697485,65.0,78.87126523129193,40.0,-19.68,56.29194022750116,20.0,6720.0,20.0,80.0,80.0,40.0,0.0,80.0,12495.238095238095,airunit-257c9cb1-9ab8-4215-a642-4cd8cc622792
831,-9.333333333333943,40.0,-19.68,20.0,13120.0,-1.0840925491838496,65.0,78.87104477273814,40.0,-19.68,56.28731059787153,20.0,6720.0,20.0,80.0,80.0,40.0,0.0,80.0,12495.238095238095,airunit-257c9cb1-9ab8-4215-a642-4cd8cc622792
832,-9.416666666667277,40.0,-19.68,20.0,13120.0,-1.1674182903586838,65.0,78.87082431418435,40.0,-19.68,56.28268096824191,20.0,6720.0,20.0,80.0,80.0,40.0,0.0,80.0,12495.238095238095,airunit-257c9cb1-9ab8-4215-a642-4cd8cc622792
833,-9.500000000000611,40.0,-19.68,20.0,13120.0,-1.2507441074551031,65.0,78.87060385563056,40.0,-19.68,56.27805133861228,20.0,6720.0,20.0,80.0,80.0,40.0,0.0,80.0,12495.238095238095,airunit-257c9cb1-9ab8-4215-a642-4cd8cc622792
834,-9.583333333333945,40.0,-19.68,20.0,13120.0,-1.3340699997138916,65.0,78.87038339707676,40.0,-19.68,56.27342170898265,20.0,6720.0,20.0,80.0,80.0,40.0,0.0,80.0,12495.238095238095,airunit-257c9cb1-9ab8-4215-a642-4cd8cc622792
835,-9.666666666667279,40.0,-19.68,20.0,13120.0,-1.4173959663834255,65.0,78.87016293852298,40.0,-19.68,56.26879207935303,20.0,6720.0,20.0,80.0,80.0,40.0,0.0,80.0,12495.238095238095,airunit-257c9cb1-9ab8-4215-a642-4cd8cc622792
836,-9.750000000000613,40.0,-19.68,20.0,13120.0,-1.5007220067195974,65.0,78.86994247996918,40.0,-19.68,56.26416244972339,20.0,6720.0,20.0,80.0,80.0,40.0,0.0,80.0,12495.238095238095,airunit-257c9cb1-9ab8-4215-a642-4cd8cc622792
837,-9.833333333333947,40.0,-19.68,20.0,13120.0,-1.584048119985741,65.0,78.8697220214154,40.0,-19.68,56.259532820093774,20.0,6720.0,20.0,80.0,80.0,40.0,0.0,80.0,12495.238095238095,airunit-257c9cb1-9ab8-4215-a642-4cd8cc622792
838,-9.91666666666728,40.0,-19.68,20.0,13120.0,-1.6673743054525565,65.0,78.8695015628616,40.0,-19.68,56.25490319046415,20.0,6720.0,20.0,80.0,80.0,40.0,0.0,80.0,12495.238095238095,airunit-257c9cb1-9ab8-4215-a642-4cd8cc622792
839,-10.000000000000615,40.0,-19.68,20.0,13120.0,-1.7507005623980372,65.0,78.86928110430782,40.0,-19.68,56.25027356083452,20.0,6720.0,20.0,80.0,80.0,40.0,0.0,80.0,12495.238095238095,airunit-257c9cb1-9ab8-4215-a642-4cd8cc622792
840,-10.083333333333949,40.0,-19.68,20.0,13120.0,-1.8340268901073964,65.0,78.86906064575402,40.0,-19.68,56.2456439312049,20.0,6720.0,20.0,80.0,80.0,40.0,0.0,80.0,12495.238095238095,airunit-257c9cb1-9ab8-4215-a642-4cd8cc622792
841,-10.166666666667282,40.0,-19.68,20.0,13120.0,-1.9173532878729953,65.0,78.86884018720023,40.0,-19.68,56.24101430157527,20.0,6720.0,20.0,80.0,80.0,40.0,0.0,80.0,12495.238095238095,airunit-257c9cb1-9ab8-4215-a642-4cd8cc622792
842,-10.250000000000616,40.0,-19.68,20.0,13120.0,-2.0006797549942714,65.0,78.86861972864644,40.0,-19.68,56.23638467194564,20.0,6720.0,20.0,80.0,80.0,40.0,0.0,80.0,12495.238095238095,airunit-257c9cb1-9ab8-4215-a642-4cd8cc622792
843,-10.33333333333395,40.0,-19.68,20.0,13120.0,-2.084006290777668,65.0,78.86839927009264,40.0,-19.68,56.23175504231602,20.0,6720.0,20.0,80.0,80.0,40.0,0.0,80.0,12495.238095238095,airunit-257c9cb1-9ab8-4215-a642-4cd8cc622792
